-- phpMyAdmin SQL Dump
-- version 4.9.7
-- https://www.phpmyadmin.net/
--
-- Host: localhost:3306
-- Generation Time: Nov 12, 2021 at 08:59 PM
-- Server version: 10.3.31-MariaDB
-- PHP Version: 7.3.32

SET SQL_MODE = "NO_AUTO_VALUE_ON_ZERO";
SET AUTOCOMMIT = 0;
START TRANSACTION;
SET time_zone = "+00:00";


/*!40101 SET @OLD_CHARACTER_SET_CLIENT=@@CHARACTER_SET_CLIENT */;
/*!40101 SET @OLD_CHARACTER_SET_RESULTS=@@CHARACTER_SET_RESULTS */;
/*!40101 SET @OLD_COLLATION_CONNECTION=@@COLLATION_CONNECTION */;
/*!40101 SET NAMES utf8mb4 */;

--
-- Database: `jalourco_jalour`
--

-- --------------------------------------------------------

--
-- Table structure for table `admin`
--

CREATE TABLE `admin` (
  `id_admin` int(255) NOT NULL,
  `nama_admin` varchar(255) NOT NULL,
  `no_hp_admin` varchar(255) NOT NULL,
  `foto_admin` varchar(255) NOT NULL,
  `Jenis_kelamin_admin` varchar(255) NOT NULL,
  `nik_admin` varchar(255) NOT NULL
) ENGINE=InnoDB DEFAULT CHARSET=utf8mb4;

-- --------------------------------------------------------

--
-- Table structure for table `cities`
--

CREATE TABLE `cities` (
  `id` int(50) NOT NULL,
  `province_id` varchar(50) NOT NULL,
  `city_id` varchar(50) NOT NULL,
  `nama_kota` varchar(50) NOT NULL,
  `created_at` timestamp(6) NULL DEFAULT NULL,
  `updated_at` timestamp(6) NULL DEFAULT NULL
) ENGINE=InnoDB DEFAULT CHARSET=utf8mb4;

--
-- Dumping data for table `cities`
--

INSERT INTO `cities` (`id`, `province_id`, `city_id`, `nama_kota`, `created_at`, `updated_at`) VALUES
(1, '1', '17', 'Badung', '2021-09-08 02:14:12.000000', '2021-09-08 02:14:12.000000'),
(2, '1', '32', 'Bangli', '2021-09-08 02:14:12.000000', '2021-09-08 02:14:12.000000'),
(3, '1', '94', 'Buleleng', '2021-09-08 02:14:12.000000', '2021-09-08 02:14:12.000000'),
(4, '1', '114', 'Denpasar', '2021-09-08 02:14:12.000000', '2021-09-08 02:14:12.000000'),
(5, '1', '128', 'Gianyar', '2021-09-08 02:14:12.000000', '2021-09-08 02:14:12.000000'),
(6, '1', '161', 'Jembrana', '2021-09-08 02:14:12.000000', '2021-09-08 02:14:12.000000'),
(7, '1', '170', 'Karangasem', '2021-09-08 02:14:12.000000', '2021-09-08 02:14:12.000000'),
(8, '1', '197', 'Klungkung', '2021-09-08 02:14:12.000000', '2021-09-08 02:14:12.000000'),
(9, '1', '447', 'Tabanan', '2021-09-08 02:14:12.000000', '2021-09-08 02:14:12.000000'),
(10, '2', '27', 'Bangka', '2021-09-08 02:14:13.000000', '2021-09-08 02:14:13.000000'),
(11, '2', '28', 'Bangka Barat', '2021-09-08 02:14:13.000000', '2021-09-08 02:14:13.000000'),
(12, '2', '29', 'Bangka Selatan', '2021-09-08 02:14:13.000000', '2021-09-08 02:14:13.000000'),
(13, '2', '30', 'Bangka Tengah', '2021-09-08 02:14:13.000000', '2021-09-08 02:14:13.000000'),
(14, '2', '56', 'Belitung', '2021-09-08 02:14:13.000000', '2021-09-08 02:14:13.000000'),
(15, '2', '57', 'Belitung Timur', '2021-09-08 02:14:13.000000', '2021-09-08 02:14:13.000000'),
(16, '2', '334', 'Pangkal Pinang', '2021-09-08 02:14:13.000000', '2021-09-08 02:14:13.000000'),
(17, '3', '106', 'Cilegon', '2021-09-08 02:14:14.000000', '2021-09-08 02:14:14.000000'),
(18, '3', '232', 'Lebak', '2021-09-08 02:14:14.000000', '2021-09-08 02:14:14.000000'),
(19, '3', '331', 'Pandeglang', '2021-09-08 02:14:14.000000', '2021-09-08 02:14:14.000000'),
(20, '3', '402', 'Serang', '2021-09-08 02:14:14.000000', '2021-09-08 02:14:14.000000'),
(21, '3', '403', 'Serang', '2021-09-08 02:14:14.000000', '2021-09-08 02:14:14.000000'),
(22, '3', '455', 'Tangerang', '2021-09-08 02:14:14.000000', '2021-09-08 02:14:14.000000'),
(23, '3', '456', 'Tangerang', '2021-09-08 02:14:14.000000', '2021-09-08 02:14:14.000000'),
(24, '3', '457', 'Tangerang Selatan', '2021-09-08 02:14:14.000000', '2021-09-08 02:14:14.000000'),
(25, '4', '62', 'Bengkulu', '2021-09-08 02:14:15.000000', '2021-09-08 02:14:15.000000'),
(26, '4', '63', 'Bengkulu Selatan', '2021-09-08 02:14:15.000000', '2021-09-08 02:14:15.000000'),
(27, '4', '64', 'Bengkulu Tengah', '2021-09-08 02:14:15.000000', '2021-09-08 02:14:15.000000'),
(28, '4', '65', 'Bengkulu Utara', '2021-09-08 02:14:15.000000', '2021-09-08 02:14:15.000000'),
(29, '4', '175', 'Kaur', '2021-09-08 02:14:15.000000', '2021-09-08 02:14:15.000000'),
(30, '4', '183', 'Kepahiang', '2021-09-08 02:14:15.000000', '2021-09-08 02:14:15.000000'),
(31, '4', '233', 'Lebong', '2021-09-08 02:14:15.000000', '2021-09-08 02:14:15.000000'),
(32, '4', '294', 'Muko Muko', '2021-09-08 02:14:15.000000', '2021-09-08 02:14:15.000000'),
(33, '4', '379', 'Rejang Lebong', '2021-09-08 02:14:15.000000', '2021-09-08 02:14:15.000000'),
(34, '4', '397', 'Seluma', '2021-09-08 02:14:15.000000', '2021-09-08 02:14:15.000000'),
(35, '5', '39', 'Bantul', '2021-09-08 02:14:17.000000', '2021-09-08 02:14:17.000000'),
(36, '5', '135', 'Gunung Kidul', '2021-09-08 02:14:17.000000', '2021-09-08 02:14:17.000000'),
(37, '5', '210', 'Kulon Progo', '2021-09-08 02:14:17.000000', '2021-09-08 02:14:17.000000'),
(38, '5', '419', 'Sleman', '2021-09-08 02:14:17.000000', '2021-09-08 02:14:17.000000'),
(39, '5', '501', 'Yogyakarta', '2021-09-08 02:14:17.000000', '2021-09-08 02:14:17.000000'),
(40, '6', '151', 'Jakarta Barat', '2021-09-08 02:14:18.000000', '2021-09-08 02:14:18.000000'),
(41, '6', '152', 'Jakarta Pusat', '2021-09-08 02:14:18.000000', '2021-09-08 02:14:18.000000'),
(42, '6', '153', 'Jakarta Selatan', '2021-09-08 02:14:18.000000', '2021-09-08 02:14:18.000000'),
(43, '6', '154', 'Jakarta Timur', '2021-09-08 02:14:18.000000', '2021-09-08 02:14:18.000000'),
(44, '6', '155', 'Jakarta Utara', '2021-09-08 02:14:18.000000', '2021-09-08 02:14:18.000000'),
(45, '6', '189', 'Kepulauan Seribu', '2021-09-08 02:14:18.000000', '2021-09-08 02:14:18.000000'),
(46, '7', '77', 'Boalemo', '2021-09-08 02:14:19.000000', '2021-09-08 02:14:19.000000'),
(47, '7', '88', 'Bone Bolango', '2021-09-08 02:14:19.000000', '2021-09-08 02:14:19.000000'),
(48, '7', '129', 'Gorontalo', '2021-09-08 02:14:19.000000', '2021-09-08 02:14:19.000000'),
(49, '7', '130', 'Gorontalo', '2021-09-08 02:14:19.000000', '2021-09-08 02:14:19.000000'),
(50, '7', '131', 'Gorontalo Utara', '2021-09-08 02:14:19.000000', '2021-09-08 02:14:19.000000'),
(51, '7', '361', 'Pohuwato', '2021-09-08 02:14:19.000000', '2021-09-08 02:14:19.000000'),
(52, '8', '50', 'Batang Hari', '2021-09-08 02:14:20.000000', '2021-09-08 02:14:20.000000'),
(53, '8', '97', 'Bungo', '2021-09-08 02:14:20.000000', '2021-09-08 02:14:20.000000'),
(54, '8', '156', 'Jambi', '2021-09-08 02:14:20.000000', '2021-09-08 02:14:20.000000'),
(55, '8', '194', 'Kerinci', '2021-09-08 02:14:20.000000', '2021-09-08 02:14:20.000000'),
(56, '8', '280', 'Merangin', '2021-09-08 02:14:20.000000', '2021-09-08 02:14:20.000000'),
(57, '8', '293', 'Muaro Jambi', '2021-09-08 02:14:20.000000', '2021-09-08 02:14:20.000000'),
(58, '8', '393', 'Sarolangun', '2021-09-08 02:14:20.000000', '2021-09-08 02:14:20.000000'),
(59, '8', '442', 'Sungaipenuh', '2021-09-08 02:14:20.000000', '2021-09-08 02:14:20.000000'),
(60, '8', '460', 'Tanjung Jabung Barat', '2021-09-08 02:14:20.000000', '2021-09-08 02:14:20.000000'),
(61, '8', '461', 'Tanjung Jabung Timur', '2021-09-08 02:14:20.000000', '2021-09-08 02:14:20.000000'),
(62, '8', '471', 'Tebo', '2021-09-08 02:14:20.000000', '2021-09-08 02:14:20.000000'),
(63, '9', '22', 'Bandung', '2021-09-08 02:14:21.000000', '2021-09-08 02:14:21.000000'),
(64, '9', '23', 'Bandung', '2021-09-08 02:14:21.000000', '2021-09-08 02:14:21.000000'),
(65, '9', '24', 'Bandung Barat', '2021-09-08 02:14:21.000000', '2021-09-08 02:14:21.000000'),
(66, '9', '34', 'Banjar', '2021-09-08 02:14:21.000000', '2021-09-08 02:14:21.000000'),
(67, '9', '54', 'Bekasi', '2021-09-08 02:14:21.000000', '2021-09-08 02:14:21.000000'),
(68, '9', '55', 'Bekasi', '2021-09-08 02:14:21.000000', '2021-09-08 02:14:21.000000'),
(69, '9', '78', 'Bogor', '2021-09-08 02:14:21.000000', '2021-09-08 02:14:21.000000'),
(70, '9', '79', 'Bogor', '2021-09-08 02:14:21.000000', '2021-09-08 02:14:21.000000'),
(71, '9', '103', 'Ciamis', '2021-09-08 02:14:21.000000', '2021-09-08 02:14:21.000000'),
(72, '9', '104', 'Cianjur', '2021-09-08 02:14:22.000000', '2021-09-08 02:14:22.000000'),
(73, '9', '107', 'Cimahi', '2021-09-08 02:14:22.000000', '2021-09-08 02:14:22.000000'),
(74, '9', '108', 'Cirebon', '2021-09-08 02:14:22.000000', '2021-09-08 02:14:22.000000'),
(75, '9', '109', 'Cirebon', '2021-09-08 02:14:22.000000', '2021-09-08 02:14:22.000000'),
(76, '9', '115', 'Depok', '2021-09-08 02:14:22.000000', '2021-09-08 02:14:22.000000'),
(77, '9', '126', 'Garut', '2021-09-08 02:14:22.000000', '2021-09-08 02:14:22.000000'),
(78, '9', '149', 'Indramayu', '2021-09-08 02:14:22.000000', '2021-09-08 02:14:22.000000'),
(79, '9', '171', 'Karawang', '2021-09-08 02:14:22.000000', '2021-09-08 02:14:22.000000'),
(80, '9', '211', 'Kuningan', '2021-09-08 02:14:22.000000', '2021-09-08 02:14:22.000000'),
(81, '9', '252', 'Majalengka', '2021-09-08 02:14:22.000000', '2021-09-08 02:14:22.000000'),
(82, '9', '332', 'Pangandaran', '2021-09-08 02:14:22.000000', '2021-09-08 02:14:22.000000'),
(83, '9', '376', 'Purwakarta', '2021-09-08 02:14:22.000000', '2021-09-08 02:14:22.000000'),
(84, '9', '428', 'Subang', '2021-09-08 02:14:22.000000', '2021-09-08 02:14:22.000000'),
(85, '9', '430', 'Sukabumi', '2021-09-08 02:14:22.000000', '2021-09-08 02:14:22.000000'),
(86, '9', '431', 'Sukabumi', '2021-09-08 02:14:22.000000', '2021-09-08 02:14:22.000000'),
(87, '9', '440', 'Sumedang', '2021-09-08 02:14:22.000000', '2021-09-08 02:14:22.000000'),
(88, '9', '468', 'Tasikmalaya', '2021-09-08 02:14:22.000000', '2021-09-08 02:14:22.000000'),
(89, '9', '469', 'Tasikmalaya', '2021-09-08 02:14:22.000000', '2021-09-08 02:14:22.000000'),
(90, '10', '37', 'Banjarnegara', '2021-09-08 02:14:23.000000', '2021-09-08 02:14:23.000000'),
(91, '10', '41', 'Banyumas', '2021-09-08 02:14:23.000000', '2021-09-08 02:14:23.000000'),
(92, '10', '49', 'Batang', '2021-09-08 02:14:23.000000', '2021-09-08 02:14:23.000000'),
(93, '10', '76', 'Blora', '2021-09-08 02:14:23.000000', '2021-09-08 02:14:23.000000'),
(94, '10', '91', 'Boyolali', '2021-09-08 02:14:23.000000', '2021-09-08 02:14:23.000000'),
(95, '10', '92', 'Brebes', '2021-09-08 02:14:23.000000', '2021-09-08 02:14:23.000000'),
(96, '10', '105', 'Cilacap', '2021-09-08 02:14:23.000000', '2021-09-08 02:14:23.000000'),
(97, '10', '113', 'Demak', '2021-09-08 02:14:23.000000', '2021-09-08 02:14:23.000000'),
(98, '10', '134', 'Grobogan', '2021-09-08 02:14:23.000000', '2021-09-08 02:14:23.000000'),
(99, '10', '163', 'Jepara', '2021-09-08 02:14:23.000000', '2021-09-08 02:14:23.000000'),
(100, '10', '169', 'Karanganyar', '2021-09-08 02:14:23.000000', '2021-09-08 02:14:23.000000'),
(101, '10', '177', 'Kebumen', '2021-09-08 02:14:23.000000', '2021-09-08 02:14:23.000000'),
(102, '10', '181', 'Kendal', '2021-09-08 02:14:23.000000', '2021-09-08 02:14:23.000000'),
(103, '10', '196', 'Klaten', '2021-09-08 02:14:23.000000', '2021-09-08 02:14:23.000000'),
(104, '10', '209', 'Kudus', '2021-09-08 02:14:23.000000', '2021-09-08 02:14:23.000000'),
(105, '10', '249', 'Magelang', '2021-09-08 02:14:23.000000', '2021-09-08 02:14:23.000000'),
(106, '10', '250', 'Magelang', '2021-09-08 02:14:23.000000', '2021-09-08 02:14:23.000000'),
(107, '10', '344', 'Pati', '2021-09-08 02:14:23.000000', '2021-09-08 02:14:23.000000'),
(108, '10', '348', 'Pekalongan', '2021-09-08 02:14:23.000000', '2021-09-08 02:14:23.000000'),
(109, '10', '349', 'Pekalongan', '2021-09-08 02:14:23.000000', '2021-09-08 02:14:23.000000'),
(110, '10', '352', 'Pemalang', '2021-09-08 02:14:23.000000', '2021-09-08 02:14:23.000000'),
(111, '10', '375', 'Purbalingga', '2021-09-08 02:14:23.000000', '2021-09-08 02:14:23.000000'),
(112, '10', '377', 'Purworejo', '2021-09-08 02:14:23.000000', '2021-09-08 02:14:23.000000'),
(113, '10', '380', 'Rembang', '2021-09-08 02:14:23.000000', '2021-09-08 02:14:23.000000'),
(114, '10', '386', 'Salatiga', '2021-09-08 02:14:23.000000', '2021-09-08 02:14:23.000000'),
(115, '10', '398', 'Semarang', '2021-09-08 02:14:23.000000', '2021-09-08 02:14:23.000000'),
(116, '10', '399', 'Semarang', '2021-09-08 02:14:23.000000', '2021-09-08 02:14:23.000000'),
(117, '10', '427', 'Sragen', '2021-09-08 02:14:23.000000', '2021-09-08 02:14:23.000000'),
(118, '10', '433', 'Sukoharjo', '2021-09-08 02:14:23.000000', '2021-09-08 02:14:23.000000'),
(119, '10', '445', 'Surakarta (Solo)', '2021-09-08 02:14:23.000000', '2021-09-08 02:14:23.000000'),
(120, '10', '472', 'Tegal', '2021-09-08 02:14:23.000000', '2021-09-08 02:14:23.000000'),
(121, '10', '473', 'Tegal', '2021-09-08 02:14:23.000000', '2021-09-08 02:14:23.000000'),
(122, '10', '476', 'Temanggung', '2021-09-08 02:14:23.000000', '2021-09-08 02:14:23.000000'),
(123, '10', '497', 'Wonogiri', '2021-09-08 02:14:23.000000', '2021-09-08 02:14:23.000000'),
(124, '10', '498', 'Wonosobo', '2021-09-08 02:14:23.000000', '2021-09-08 02:14:23.000000'),
(125, '11', '31', 'Bangkalan', '2021-09-08 02:14:24.000000', '2021-09-08 02:14:24.000000'),
(126, '11', '42', 'Banyuwangi', '2021-09-08 02:14:24.000000', '2021-09-08 02:14:24.000000'),
(127, '11', '51', 'Batu', '2021-09-08 02:14:24.000000', '2021-09-08 02:14:24.000000'),
(128, '11', '74', 'Blitar', '2021-09-08 02:14:24.000000', '2021-09-08 02:14:24.000000'),
(129, '11', '75', 'Blitar', '2021-09-08 02:14:24.000000', '2021-09-08 02:14:24.000000'),
(130, '11', '80', 'Bojonegoro', '2021-09-08 02:14:24.000000', '2021-09-08 02:14:24.000000'),
(131, '11', '86', 'Bondowoso', '2021-09-08 02:14:24.000000', '2021-09-08 02:14:24.000000'),
(132, '11', '133', 'Gresik', '2021-09-08 02:14:24.000000', '2021-09-08 02:14:24.000000'),
(133, '11', '160', 'Jember', '2021-09-08 02:14:24.000000', '2021-09-08 02:14:24.000000'),
(134, '11', '164', 'Jombang', '2021-09-08 02:14:24.000000', '2021-09-08 02:14:24.000000'),
(135, '11', '178', 'Kediri', '2021-09-08 02:14:24.000000', '2021-09-08 02:14:24.000000'),
(136, '11', '179', 'Kediri', '2021-09-08 02:14:24.000000', '2021-09-08 02:14:24.000000'),
(137, '11', '222', 'Lamongan', '2021-09-08 02:14:24.000000', '2021-09-08 02:14:24.000000'),
(138, '11', '243', 'Lumajang', '2021-09-08 02:14:24.000000', '2021-09-08 02:14:24.000000'),
(139, '11', '247', 'Madiun', '2021-09-08 02:14:24.000000', '2021-09-08 02:14:24.000000'),
(140, '11', '248', 'Madiun', '2021-09-08 02:14:24.000000', '2021-09-08 02:14:24.000000'),
(141, '11', '251', 'Magetan', '2021-09-08 02:14:24.000000', '2021-09-08 02:14:24.000000'),
(142, '11', '256', 'Malang', '2021-09-08 02:14:24.000000', '2021-09-08 02:14:24.000000'),
(143, '11', '255', 'Malang', '2021-09-08 02:14:24.000000', '2021-09-08 02:14:24.000000'),
(144, '11', '289', 'Mojokerto', '2021-09-08 02:14:24.000000', '2021-09-08 02:14:24.000000'),
(145, '11', '290', 'Mojokerto', '2021-09-08 02:14:24.000000', '2021-09-08 02:14:24.000000'),
(146, '11', '305', 'Nganjuk', '2021-09-08 02:14:24.000000', '2021-09-08 02:14:24.000000'),
(147, '11', '306', 'Ngawi', '2021-09-08 02:14:24.000000', '2021-09-08 02:14:24.000000'),
(148, '11', '317', 'Pacitan', '2021-09-08 02:14:24.000000', '2021-09-08 02:14:24.000000'),
(149, '11', '330', 'Pamekasan', '2021-09-08 02:14:24.000000', '2021-09-08 02:14:24.000000'),
(150, '11', '342', 'Pasuruan', '2021-09-08 02:14:24.000000', '2021-09-08 02:14:24.000000'),
(151, '11', '343', 'Pasuruan', '2021-09-08 02:14:24.000000', '2021-09-08 02:14:24.000000'),
(152, '11', '363', 'Ponorogo', '2021-09-08 02:14:24.000000', '2021-09-08 02:14:24.000000'),
(153, '11', '369', 'Probolinggo', '2021-09-08 02:14:24.000000', '2021-09-08 02:14:24.000000'),
(154, '11', '370', 'Probolinggo', '2021-09-08 02:14:24.000000', '2021-09-08 02:14:24.000000'),
(155, '11', '390', 'Sampang', '2021-09-08 02:14:24.000000', '2021-09-08 02:14:24.000000'),
(156, '11', '409', 'Sidoarjo', '2021-09-08 02:14:24.000000', '2021-09-08 02:14:24.000000'),
(157, '11', '418', 'Situbondo', '2021-09-08 02:14:24.000000', '2021-09-08 02:14:24.000000'),
(158, '11', '441', 'Sumenep', '2021-09-08 02:14:24.000000', '2021-09-08 02:14:24.000000'),
(159, '11', '444', 'Surabaya', '2021-09-08 02:14:24.000000', '2021-09-08 02:14:24.000000'),
(160, '11', '487', 'Trenggalek', '2021-09-08 02:14:24.000000', '2021-09-08 02:14:24.000000'),
(161, '11', '489', 'Tuban', '2021-09-08 02:14:24.000000', '2021-09-08 02:14:24.000000'),
(162, '11', '492', 'Tulungagung', '2021-09-08 02:14:24.000000', '2021-09-08 02:14:24.000000'),
(163, '12', '61', 'Bengkayang', '2021-09-08 02:14:25.000000', '2021-09-08 02:14:25.000000'),
(164, '12', '168', 'Kapuas Hulu', '2021-09-08 02:14:25.000000', '2021-09-08 02:14:25.000000'),
(165, '12', '176', 'Kayong Utara', '2021-09-08 02:14:25.000000', '2021-09-08 02:14:25.000000'),
(166, '12', '195', 'Ketapang', '2021-09-08 02:14:25.000000', '2021-09-08 02:14:25.000000'),
(167, '12', '208', 'Kubu Raya', '2021-09-08 02:14:25.000000', '2021-09-08 02:14:25.000000'),
(168, '12', '228', 'Landak', '2021-09-08 02:14:25.000000', '2021-09-08 02:14:25.000000'),
(169, '12', '279', 'Melawi', '2021-09-08 02:14:25.000000', '2021-09-08 02:14:25.000000'),
(170, '12', '364', 'Pontianak', '2021-09-08 02:14:25.000000', '2021-09-08 02:14:25.000000'),
(171, '12', '365', 'Pontianak', '2021-09-08 02:14:25.000000', '2021-09-08 02:14:25.000000'),
(172, '12', '388', 'Sambas', '2021-09-08 02:14:25.000000', '2021-09-08 02:14:25.000000'),
(173, '12', '391', 'Sanggau', '2021-09-08 02:14:25.000000', '2021-09-08 02:14:25.000000'),
(174, '12', '395', 'Sekadau', '2021-09-08 02:14:25.000000', '2021-09-08 02:14:25.000000'),
(175, '12', '415', 'Singkawang', '2021-09-08 02:14:25.000000', '2021-09-08 02:14:25.000000'),
(176, '12', '417', 'Sintang', '2021-09-08 02:14:25.000000', '2021-09-08 02:14:25.000000'),
(177, '13', '18', 'Balangan', '2021-09-08 02:14:27.000000', '2021-09-08 02:14:27.000000'),
(178, '13', '33', 'Banjar', '2021-09-08 02:14:27.000000', '2021-09-08 02:14:27.000000'),
(179, '13', '35', 'Banjarbaru', '2021-09-08 02:14:27.000000', '2021-09-08 02:14:27.000000'),
(180, '13', '36', 'Banjarmasin', '2021-09-08 02:14:27.000000', '2021-09-08 02:14:27.000000'),
(181, '13', '43', 'Barito Kuala', '2021-09-08 02:14:27.000000', '2021-09-08 02:14:27.000000'),
(182, '13', '143', 'Hulu Sungai Selatan', '2021-09-08 02:14:27.000000', '2021-09-08 02:14:27.000000'),
(183, '13', '144', 'Hulu Sungai Tengah', '2021-09-08 02:14:27.000000', '2021-09-08 02:14:27.000000'),
(184, '13', '145', 'Hulu Sungai Utara', '2021-09-08 02:14:27.000000', '2021-09-08 02:14:27.000000'),
(185, '13', '203', 'Kotabaru', '2021-09-08 02:14:27.000000', '2021-09-08 02:14:27.000000'),
(186, '13', '446', 'Tabalong', '2021-09-08 02:14:27.000000', '2021-09-08 02:14:27.000000'),
(187, '13', '452', 'Tanah Bumbu', '2021-09-08 02:14:27.000000', '2021-09-08 02:14:27.000000'),
(188, '13', '454', 'Tanah Laut', '2021-09-08 02:14:27.000000', '2021-09-08 02:14:27.000000'),
(189, '13', '466', 'Tapin', '2021-09-08 02:14:27.000000', '2021-09-08 02:14:27.000000'),
(190, '14', '44', 'Barito Selatan', '2021-09-08 02:14:28.000000', '2021-09-08 02:14:28.000000'),
(191, '14', '45', 'Barito Timur', '2021-09-08 02:14:28.000000', '2021-09-08 02:14:28.000000'),
(192, '14', '46', 'Barito Utara', '2021-09-08 02:14:28.000000', '2021-09-08 02:14:28.000000'),
(193, '14', '136', 'Gunung Mas', '2021-09-08 02:14:28.000000', '2021-09-08 02:14:28.000000'),
(194, '14', '167', 'Kapuas', '2021-09-08 02:14:28.000000', '2021-09-08 02:14:28.000000'),
(195, '14', '174', 'Katingan', '2021-09-08 02:14:28.000000', '2021-09-08 02:14:28.000000'),
(196, '14', '205', 'Kotawaringin Barat', '2021-09-08 02:14:28.000000', '2021-09-08 02:14:28.000000'),
(197, '14', '206', 'Kotawaringin Timur', '2021-09-08 02:14:28.000000', '2021-09-08 02:14:28.000000'),
(198, '14', '221', 'Lamandau', '2021-09-08 02:14:28.000000', '2021-09-08 02:14:28.000000'),
(199, '14', '296', 'Murung Raya', '2021-09-08 02:14:28.000000', '2021-09-08 02:14:28.000000'),
(200, '14', '326', 'Palangka Raya', '2021-09-08 02:14:28.000000', '2021-09-08 02:14:28.000000'),
(201, '14', '371', 'Pulang Pisau', '2021-09-08 02:14:28.000000', '2021-09-08 02:14:28.000000'),
(202, '14', '405', 'Seruyan', '2021-09-08 02:14:28.000000', '2021-09-08 02:14:28.000000'),
(203, '14', '432', 'Sukamara', '2021-09-08 02:14:28.000000', '2021-09-08 02:14:28.000000'),
(204, '15', '19', 'Balikpapan', '2021-09-08 02:14:29.000000', '2021-09-08 02:14:29.000000'),
(205, '15', '66', 'Berau', '2021-09-08 02:14:29.000000', '2021-09-08 02:14:29.000000'),
(206, '15', '89', 'Bontang', '2021-09-08 02:14:29.000000', '2021-09-08 02:14:29.000000'),
(207, '15', '214', 'Kutai Barat', '2021-09-08 02:14:29.000000', '2021-09-08 02:14:29.000000'),
(208, '15', '215', 'Kutai Kartanegara', '2021-09-08 02:14:29.000000', '2021-09-08 02:14:29.000000'),
(209, '15', '216', 'Kutai Timur', '2021-09-08 02:14:29.000000', '2021-09-08 02:14:29.000000'),
(210, '15', '341', 'Paser', '2021-09-08 02:14:29.000000', '2021-09-08 02:14:29.000000'),
(211, '15', '354', 'Penajam Paser Utara', '2021-09-08 02:14:29.000000', '2021-09-08 02:14:29.000000'),
(212, '15', '387', 'Samarinda', '2021-09-08 02:14:29.000000', '2021-09-08 02:14:29.000000'),
(213, '16', '96', 'Bulungan (Bulongan)', '2021-09-08 02:14:30.000000', '2021-09-08 02:14:30.000000'),
(214, '16', '257', 'Malinau', '2021-09-08 02:14:30.000000', '2021-09-08 02:14:30.000000'),
(215, '16', '311', 'Nunukan', '2021-09-08 02:14:30.000000', '2021-09-08 02:14:30.000000'),
(216, '16', '450', 'Tana Tidung', '2021-09-08 02:14:30.000000', '2021-09-08 02:14:30.000000'),
(217, '16', '467', 'Tarakan', '2021-09-08 02:14:30.000000', '2021-09-08 02:14:30.000000'),
(218, '17', '48', 'Batam', '2021-09-08 02:14:32.000000', '2021-09-08 02:14:32.000000'),
(219, '17', '71', 'Bintan', '2021-09-08 02:14:32.000000', '2021-09-08 02:14:32.000000'),
(220, '17', '172', 'Karimun', '2021-09-08 02:14:32.000000', '2021-09-08 02:14:32.000000'),
(221, '17', '184', 'Kepulauan Anambas', '2021-09-08 02:14:32.000000', '2021-09-08 02:14:32.000000'),
(222, '17', '237', 'Lingga', '2021-09-08 02:14:32.000000', '2021-09-08 02:14:32.000000'),
(223, '17', '302', 'Natuna', '2021-09-08 02:14:32.000000', '2021-09-08 02:14:32.000000'),
(224, '17', '462', 'Tanjung Pinang', '2021-09-08 02:14:32.000000', '2021-09-08 02:14:32.000000'),
(225, '18', '21', 'Bandar Lampung', '2021-09-08 02:14:33.000000', '2021-09-08 02:14:33.000000'),
(226, '18', '223', 'Lampung Barat', '2021-09-08 02:14:33.000000', '2021-09-08 02:14:33.000000'),
(227, '18', '224', 'Lampung Selatan', '2021-09-08 02:14:33.000000', '2021-09-08 02:14:33.000000'),
(228, '18', '225', 'Lampung Tengah', '2021-09-08 02:14:33.000000', '2021-09-08 02:14:33.000000'),
(229, '18', '226', 'Lampung Timur', '2021-09-08 02:14:33.000000', '2021-09-08 02:14:33.000000'),
(230, '18', '227', 'Lampung Utara', '2021-09-08 02:14:33.000000', '2021-09-08 02:14:33.000000'),
(231, '18', '282', 'Mesuji', '2021-09-08 02:14:33.000000', '2021-09-08 02:14:33.000000'),
(232, '18', '283', 'Metro', '2021-09-08 02:14:33.000000', '2021-09-08 02:14:33.000000'),
(233, '18', '355', 'Pesawaran', '2021-09-08 02:14:33.000000', '2021-09-08 02:14:33.000000'),
(234, '18', '356', 'Pesisir Barat', '2021-09-08 02:14:33.000000', '2021-09-08 02:14:33.000000'),
(235, '18', '368', 'Pringsewu', '2021-09-08 02:14:33.000000', '2021-09-08 02:14:33.000000'),
(236, '18', '458', 'Tanggamus', '2021-09-08 02:14:33.000000', '2021-09-08 02:14:33.000000'),
(237, '18', '490', 'Tulang Bawang', '2021-09-08 02:14:33.000000', '2021-09-08 02:14:33.000000'),
(238, '18', '491', 'Tulang Bawang Barat', '2021-09-08 02:14:33.000000', '2021-09-08 02:14:33.000000'),
(239, '18', '496', 'Way Kanan', '2021-09-08 02:14:33.000000', '2021-09-08 02:14:33.000000'),
(240, '19', '14', 'Ambon', '2021-09-08 02:14:34.000000', '2021-09-08 02:14:34.000000'),
(241, '19', '99', 'Buru', '2021-09-08 02:14:34.000000', '2021-09-08 02:14:34.000000'),
(242, '19', '100', 'Buru Selatan', '2021-09-08 02:14:34.000000', '2021-09-08 02:14:34.000000'),
(243, '19', '185', 'Kepulauan Aru', '2021-09-08 02:14:34.000000', '2021-09-08 02:14:34.000000'),
(244, '19', '258', 'Maluku Barat Daya', '2021-09-08 02:14:34.000000', '2021-09-08 02:14:34.000000'),
(245, '19', '259', 'Maluku Tengah', '2021-09-08 02:14:34.000000', '2021-09-08 02:14:34.000000'),
(246, '19', '260', 'Maluku Tenggara', '2021-09-08 02:14:34.000000', '2021-09-08 02:14:34.000000'),
(247, '19', '261', 'Maluku Tenggara Barat', '2021-09-08 02:14:34.000000', '2021-09-08 02:14:34.000000'),
(248, '19', '400', 'Seram Bagian Barat', '2021-09-08 02:14:34.000000', '2021-09-08 02:14:34.000000'),
(249, '19', '401', 'Seram Bagian Timur', '2021-09-08 02:14:34.000000', '2021-09-08 02:14:34.000000'),
(250, '19', '488', 'Tual', '2021-09-08 02:14:34.000000', '2021-09-08 02:14:34.000000'),
(251, '20', '138', 'Halmahera Barat', '2021-09-08 02:14:35.000000', '2021-09-08 02:14:35.000000'),
(252, '20', '139', 'Halmahera Selatan', '2021-09-08 02:14:35.000000', '2021-09-08 02:14:35.000000'),
(253, '20', '140', 'Halmahera Tengah', '2021-09-08 02:14:35.000000', '2021-09-08 02:14:35.000000'),
(254, '20', '141', 'Halmahera Timur', '2021-09-08 02:14:35.000000', '2021-09-08 02:14:35.000000'),
(255, '20', '142', 'Halmahera Utara', '2021-09-08 02:14:35.000000', '2021-09-08 02:14:35.000000'),
(256, '20', '191', 'Kepulauan Sula', '2021-09-08 02:14:35.000000', '2021-09-08 02:14:35.000000'),
(257, '20', '372', 'Pulau Morotai', '2021-09-08 02:14:35.000000', '2021-09-08 02:14:35.000000'),
(258, '20', '477', 'Ternate', '2021-09-08 02:14:35.000000', '2021-09-08 02:14:35.000000'),
(259, '20', '478', 'Tidore Kepulauan', '2021-09-08 02:14:35.000000', '2021-09-08 02:14:35.000000'),
(260, '21', '1', 'Aceh Barat', '2021-09-08 02:14:36.000000', '2021-09-08 02:14:36.000000'),
(261, '21', '2', 'Aceh Barat Daya', '2021-09-08 02:14:36.000000', '2021-09-08 02:14:36.000000'),
(262, '21', '3', 'Aceh Besar', '2021-09-08 02:14:36.000000', '2021-09-08 02:14:36.000000'),
(263, '21', '4', 'Aceh Jaya', '2021-09-08 02:14:36.000000', '2021-09-08 02:14:36.000000'),
(264, '21', '5', 'Aceh Selatan', '2021-09-08 02:14:36.000000', '2021-09-08 02:14:36.000000'),
(265, '21', '6', 'Aceh Singkil', '2021-09-08 02:14:36.000000', '2021-09-08 02:14:36.000000'),
(266, '21', '7', 'Aceh Tamiang', '2021-09-08 02:14:36.000000', '2021-09-08 02:14:36.000000'),
(267, '21', '8', 'Aceh Tengah', '2021-09-08 02:14:36.000000', '2021-09-08 02:14:36.000000'),
(268, '21', '9', 'Aceh Tenggara', '2021-09-08 02:14:36.000000', '2021-09-08 02:14:36.000000'),
(269, '21', '10', 'Aceh Timur', '2021-09-08 02:14:36.000000', '2021-09-08 02:14:36.000000'),
(270, '21', '11', 'Aceh Utara', '2021-09-08 02:14:36.000000', '2021-09-08 02:14:36.000000'),
(271, '21', '20', 'Banda Aceh', '2021-09-08 02:14:36.000000', '2021-09-08 02:14:36.000000'),
(272, '21', '59', 'Bener Meriah', '2021-09-08 02:14:36.000000', '2021-09-08 02:14:36.000000'),
(273, '21', '72', 'Bireuen', '2021-09-08 02:14:36.000000', '2021-09-08 02:14:36.000000'),
(274, '21', '127', 'Gayo Lues', '2021-09-08 02:14:36.000000', '2021-09-08 02:14:36.000000'),
(275, '21', '230', 'Langsa', '2021-09-08 02:14:36.000000', '2021-09-08 02:14:36.000000'),
(276, '21', '235', 'Lhokseumawe', '2021-09-08 02:14:36.000000', '2021-09-08 02:14:36.000000'),
(277, '21', '300', 'Nagan Raya', '2021-09-08 02:14:36.000000', '2021-09-08 02:14:36.000000'),
(278, '21', '358', 'Pidie', '2021-09-08 02:14:36.000000', '2021-09-08 02:14:36.000000'),
(279, '21', '359', 'Pidie Jaya', '2021-09-08 02:14:36.000000', '2021-09-08 02:14:36.000000'),
(280, '21', '384', 'Sabang', '2021-09-08 02:14:36.000000', '2021-09-08 02:14:36.000000'),
(281, '21', '414', 'Simeulue', '2021-09-08 02:14:36.000000', '2021-09-08 02:14:36.000000'),
(282, '21', '429', 'Subulussalam', '2021-09-08 02:14:36.000000', '2021-09-08 02:14:36.000000'),
(283, '22', '68', 'Bima', '2021-09-08 02:14:37.000000', '2021-09-08 02:14:37.000000'),
(284, '22', '69', 'Bima', '2021-09-08 02:14:37.000000', '2021-09-08 02:14:37.000000'),
(285, '22', '118', 'Dompu', '2021-09-08 02:14:37.000000', '2021-09-08 02:14:37.000000'),
(286, '22', '238', 'Lombok Barat', '2021-09-08 02:14:38.000000', '2021-09-08 02:14:38.000000'),
(287, '22', '239', 'Lombok Tengah', '2021-09-08 02:14:38.000000', '2021-09-08 02:14:38.000000'),
(288, '22', '240', 'Lombok Timur', '2021-09-08 02:14:38.000000', '2021-09-08 02:14:38.000000'),
(289, '22', '241', 'Lombok Utara', '2021-09-08 02:14:38.000000', '2021-09-08 02:14:38.000000'),
(290, '22', '276', 'Mataram', '2021-09-08 02:14:38.000000', '2021-09-08 02:14:38.000000'),
(291, '22', '438', 'Sumbawa', '2021-09-08 02:14:38.000000', '2021-09-08 02:14:38.000000'),
(292, '22', '439', 'Sumbawa Barat', '2021-09-08 02:14:38.000000', '2021-09-08 02:14:38.000000'),
(293, '23', '13', 'Alor', '2021-09-08 02:14:39.000000', '2021-09-08 02:14:39.000000'),
(294, '23', '58', 'Belu', '2021-09-08 02:14:39.000000', '2021-09-08 02:14:39.000000'),
(295, '23', '122', 'Ende', '2021-09-08 02:14:39.000000', '2021-09-08 02:14:39.000000'),
(296, '23', '125', 'Flores Timur', '2021-09-08 02:14:39.000000', '2021-09-08 02:14:39.000000'),
(297, '23', '212', 'Kupang', '2021-09-08 02:14:39.000000', '2021-09-08 02:14:39.000000'),
(298, '23', '213', 'Kupang', '2021-09-08 02:14:39.000000', '2021-09-08 02:14:39.000000'),
(299, '23', '234', 'Lembata', '2021-09-08 02:14:39.000000', '2021-09-08 02:14:39.000000'),
(300, '23', '269', 'Manggarai', '2021-09-08 02:14:39.000000', '2021-09-08 02:14:39.000000'),
(301, '23', '270', 'Manggarai Barat', '2021-09-08 02:14:39.000000', '2021-09-08 02:14:39.000000'),
(302, '23', '271', 'Manggarai Timur', '2021-09-08 02:14:39.000000', '2021-09-08 02:14:39.000000'),
(303, '23', '301', 'Nagekeo', '2021-09-08 02:14:39.000000', '2021-09-08 02:14:39.000000'),
(304, '23', '304', 'Ngada', '2021-09-08 02:14:39.000000', '2021-09-08 02:14:39.000000'),
(305, '23', '383', 'Rote Ndao', '2021-09-08 02:14:39.000000', '2021-09-08 02:14:39.000000'),
(306, '23', '385', 'Sabu Raijua', '2021-09-08 02:14:39.000000', '2021-09-08 02:14:39.000000'),
(307, '23', '412', 'Sikka', '2021-09-08 02:14:39.000000', '2021-09-08 02:14:39.000000'),
(308, '23', '434', 'Sumba Barat', '2021-09-08 02:14:39.000000', '2021-09-08 02:14:39.000000'),
(309, '23', '435', 'Sumba Barat Daya', '2021-09-08 02:14:39.000000', '2021-09-08 02:14:39.000000'),
(310, '23', '436', 'Sumba Tengah', '2021-09-08 02:14:39.000000', '2021-09-08 02:14:39.000000'),
(311, '23', '437', 'Sumba Timur', '2021-09-08 02:14:39.000000', '2021-09-08 02:14:39.000000'),
(312, '23', '479', 'Timor Tengah Selatan', '2021-09-08 02:14:39.000000', '2021-09-08 02:14:39.000000'),
(313, '23', '480', 'Timor Tengah Utara', '2021-09-08 02:14:39.000000', '2021-09-08 02:14:39.000000'),
(314, '24', '16', 'Asmat', '2021-09-08 02:14:40.000000', '2021-09-08 02:14:40.000000'),
(315, '24', '67', 'Biak Numfor', '2021-09-08 02:14:40.000000', '2021-09-08 02:14:40.000000'),
(316, '24', '90', 'Boven Digoel', '2021-09-08 02:14:40.000000', '2021-09-08 02:14:40.000000'),
(317, '24', '111', 'Deiyai (Deliyai)', '2021-09-08 02:14:40.000000', '2021-09-08 02:14:40.000000'),
(318, '24', '117', 'Dogiyai', '2021-09-08 02:14:40.000000', '2021-09-08 02:14:40.000000'),
(319, '24', '150', 'Intan Jaya', '2021-09-08 02:14:40.000000', '2021-09-08 02:14:40.000000'),
(320, '24', '157', 'Jayapura', '2021-09-08 02:14:40.000000', '2021-09-08 02:14:40.000000'),
(321, '24', '158', 'Jayapura', '2021-09-08 02:14:40.000000', '2021-09-08 02:14:40.000000'),
(322, '24', '159', 'Jayawijaya', '2021-09-08 02:14:40.000000', '2021-09-08 02:14:40.000000'),
(323, '24', '180', 'Keerom', '2021-09-08 02:14:40.000000', '2021-09-08 02:14:40.000000'),
(324, '24', '193', 'Kepulauan Yapen (Yapen Waropen)', '2021-09-08 02:14:40.000000', '2021-09-08 02:14:40.000000'),
(325, '24', '231', 'Lanny Jaya', '2021-09-08 02:14:40.000000', '2021-09-08 02:14:40.000000'),
(326, '24', '263', 'Mamberamo Raya', '2021-09-08 02:14:40.000000', '2021-09-08 02:14:40.000000'),
(327, '24', '264', 'Mamberamo Tengah', '2021-09-08 02:14:40.000000', '2021-09-08 02:14:40.000000'),
(328, '24', '274', 'Mappi', '2021-09-08 02:14:40.000000', '2021-09-08 02:14:40.000000'),
(329, '24', '281', 'Merauke', '2021-09-08 02:14:40.000000', '2021-09-08 02:14:40.000000'),
(330, '24', '284', 'Mimika', '2021-09-08 02:14:40.000000', '2021-09-08 02:14:40.000000'),
(331, '24', '299', 'Nabire', '2021-09-08 02:14:40.000000', '2021-09-08 02:14:40.000000'),
(332, '24', '303', 'Nduga', '2021-09-08 02:14:40.000000', '2021-09-08 02:14:40.000000'),
(333, '24', '335', 'Paniai', '2021-09-08 02:14:40.000000', '2021-09-08 02:14:40.000000'),
(334, '24', '347', 'Pegunungan Bintang', '2021-09-08 02:14:40.000000', '2021-09-08 02:14:40.000000'),
(335, '24', '373', 'Puncak', '2021-09-08 02:14:40.000000', '2021-09-08 02:14:40.000000'),
(336, '24', '374', 'Puncak Jaya', '2021-09-08 02:14:40.000000', '2021-09-08 02:14:40.000000'),
(337, '24', '392', 'Sarmi', '2021-09-08 02:14:40.000000', '2021-09-08 02:14:40.000000'),
(338, '24', '443', 'Supiori', '2021-09-08 02:14:40.000000', '2021-09-08 02:14:40.000000'),
(339, '24', '484', 'Tolikara', '2021-09-08 02:14:40.000000', '2021-09-08 02:14:40.000000'),
(340, '24', '495', 'Waropen', '2021-09-08 02:14:40.000000', '2021-09-08 02:14:40.000000'),
(341, '24', '499', 'Yahukimo', '2021-09-08 02:14:40.000000', '2021-09-08 02:14:40.000000'),
(342, '24', '500', 'Yalimo', '2021-09-08 02:14:40.000000', '2021-09-08 02:14:40.000000'),
(343, '25', '124', 'Fakfak', '2021-09-08 02:14:41.000000', '2021-09-08 02:14:41.000000'),
(344, '25', '165', 'Kaimana', '2021-09-08 02:14:41.000000', '2021-09-08 02:14:41.000000'),
(345, '25', '272', 'Manokwari', '2021-09-08 02:14:41.000000', '2021-09-08 02:14:41.000000'),
(346, '25', '273', 'Manokwari Selatan', '2021-09-08 02:14:41.000000', '2021-09-08 02:14:41.000000'),
(347, '25', '277', 'Maybrat', '2021-09-08 02:14:41.000000', '2021-09-08 02:14:41.000000'),
(348, '25', '346', 'Pegunungan Arfak', '2021-09-08 02:14:41.000000', '2021-09-08 02:14:41.000000'),
(349, '25', '378', 'Raja Ampat', '2021-09-08 02:14:41.000000', '2021-09-08 02:14:41.000000'),
(350, '25', '424', 'Sorong', '2021-09-08 02:14:41.000000', '2021-09-08 02:14:41.000000'),
(351, '25', '425', 'Sorong', '2021-09-08 02:14:41.000000', '2021-09-08 02:14:41.000000'),
(352, '25', '426', 'Sorong Selatan', '2021-09-08 02:14:41.000000', '2021-09-08 02:14:41.000000'),
(353, '25', '449', 'Tambrauw', '2021-09-08 02:14:41.000000', '2021-09-08 02:14:41.000000'),
(354, '25', '474', 'Teluk Bintuni', '2021-09-08 02:14:41.000000', '2021-09-08 02:14:41.000000'),
(355, '25', '475', 'Teluk Wondama', '2021-09-08 02:14:41.000000', '2021-09-08 02:14:41.000000'),
(356, '26', '60', 'Bengkalis', '2021-09-08 02:14:43.000000', '2021-09-08 02:14:43.000000'),
(357, '26', '120', 'Dumai', '2021-09-08 02:14:43.000000', '2021-09-08 02:14:43.000000'),
(358, '26', '147', 'Indragiri Hilir', '2021-09-08 02:14:43.000000', '2021-09-08 02:14:43.000000'),
(359, '26', '148', 'Indragiri Hulu', '2021-09-08 02:14:43.000000', '2021-09-08 02:14:43.000000'),
(360, '26', '166', 'Kampar', '2021-09-08 02:14:43.000000', '2021-09-08 02:14:43.000000'),
(361, '26', '187', 'Kepulauan Meranti', '2021-09-08 02:14:43.000000', '2021-09-08 02:14:43.000000'),
(362, '26', '207', 'Kuantan Singingi', '2021-09-08 02:14:43.000000', '2021-09-08 02:14:43.000000'),
(363, '26', '350', 'Pekanbaru', '2021-09-08 02:14:43.000000', '2021-09-08 02:14:43.000000'),
(364, '26', '351', 'Pelalawan', '2021-09-08 02:14:43.000000', '2021-09-08 02:14:43.000000'),
(365, '26', '381', 'Rokan Hilir', '2021-09-08 02:14:43.000000', '2021-09-08 02:14:43.000000'),
(366, '26', '382', 'Rokan Hulu', '2021-09-08 02:14:43.000000', '2021-09-08 02:14:43.000000'),
(367, '26', '406', 'Siak', '2021-09-08 02:14:43.000000', '2021-09-08 02:14:43.000000'),
(368, '27', '253', 'Majene', '2021-09-08 02:14:44.000000', '2021-09-08 02:14:44.000000'),
(369, '27', '262', 'Mamasa', '2021-09-08 02:14:44.000000', '2021-09-08 02:14:44.000000'),
(370, '27', '265', 'Mamuju', '2021-09-08 02:14:44.000000', '2021-09-08 02:14:44.000000'),
(371, '27', '266', 'Mamuju Utara', '2021-09-08 02:14:44.000000', '2021-09-08 02:14:44.000000'),
(372, '27', '362', 'Polewali Mandar', '2021-09-08 02:14:44.000000', '2021-09-08 02:14:44.000000'),
(373, '28', '38', 'Bantaeng', '2021-09-08 02:14:45.000000', '2021-09-08 02:14:45.000000'),
(374, '28', '47', 'Barru', '2021-09-08 02:14:45.000000', '2021-09-08 02:14:45.000000'),
(375, '28', '87', 'Bone', '2021-09-08 02:14:45.000000', '2021-09-08 02:14:45.000000'),
(376, '28', '95', 'Bulukumba', '2021-09-08 02:14:45.000000', '2021-09-08 02:14:45.000000'),
(377, '28', '123', 'Enrekang', '2021-09-08 02:14:45.000000', '2021-09-08 02:14:45.000000'),
(378, '28', '132', 'Gowa', '2021-09-08 02:14:45.000000', '2021-09-08 02:14:45.000000'),
(379, '28', '162', 'Jeneponto', '2021-09-08 02:14:45.000000', '2021-09-08 02:14:45.000000'),
(380, '28', '244', 'Luwu', '2021-09-08 02:14:45.000000', '2021-09-08 02:14:45.000000'),
(381, '28', '245', 'Luwu Timur', '2021-09-08 02:14:45.000000', '2021-09-08 02:14:45.000000'),
(382, '28', '246', 'Luwu Utara', '2021-09-08 02:14:45.000000', '2021-09-08 02:14:45.000000'),
(383, '28', '254', 'Makassar', '2021-09-08 02:14:45.000000', '2021-09-08 02:14:45.000000'),
(384, '28', '275', 'Maros', '2021-09-08 02:14:45.000000', '2021-09-08 02:14:45.000000'),
(385, '28', '328', 'Palopo', '2021-09-08 02:14:45.000000', '2021-09-08 02:14:45.000000'),
(386, '28', '333', 'Pangkajene Kepulauan', '2021-09-08 02:14:45.000000', '2021-09-08 02:14:45.000000'),
(387, '28', '336', 'Parepare', '2021-09-08 02:14:45.000000', '2021-09-08 02:14:45.000000'),
(388, '28', '360', 'Pinrang', '2021-09-08 02:14:45.000000', '2021-09-08 02:14:45.000000'),
(389, '28', '396', 'Selayar (Kepulauan Selayar)', '2021-09-08 02:14:45.000000', '2021-09-08 02:14:45.000000'),
(390, '28', '408', 'Sidenreng Rappang/Rapang', '2021-09-08 02:14:45.000000', '2021-09-08 02:14:45.000000'),
(391, '28', '416', 'Sinjai', '2021-09-08 02:14:45.000000', '2021-09-08 02:14:45.000000'),
(392, '28', '423', 'Soppeng', '2021-09-08 02:14:45.000000', '2021-09-08 02:14:45.000000'),
(393, '28', '448', 'Takalar', '2021-09-08 02:14:45.000000', '2021-09-08 02:14:45.000000'),
(394, '28', '451', 'Tana Toraja', '2021-09-08 02:14:45.000000', '2021-09-08 02:14:45.000000'),
(395, '28', '486', 'Toraja Utara', '2021-09-08 02:14:45.000000', '2021-09-08 02:14:45.000000'),
(396, '28', '493', 'Wajo', '2021-09-08 02:14:45.000000', '2021-09-08 02:14:45.000000'),
(397, '29', '25', 'Banggai', '2021-09-08 02:14:46.000000', '2021-09-08 02:14:46.000000'),
(398, '29', '26', 'Banggai Kepulauan', '2021-09-08 02:14:46.000000', '2021-09-08 02:14:46.000000'),
(399, '29', '98', 'Buol', '2021-09-08 02:14:46.000000', '2021-09-08 02:14:46.000000'),
(400, '29', '119', 'Donggala', '2021-09-08 02:14:46.000000', '2021-09-08 02:14:46.000000'),
(401, '29', '291', 'Morowali', '2021-09-08 02:14:46.000000', '2021-09-08 02:14:46.000000'),
(402, '29', '329', 'Palu', '2021-09-08 02:14:46.000000', '2021-09-08 02:14:46.000000'),
(403, '29', '338', 'Parigi Moutong', '2021-09-08 02:14:46.000000', '2021-09-08 02:14:46.000000'),
(404, '29', '366', 'Poso', '2021-09-08 02:14:46.000000', '2021-09-08 02:14:46.000000'),
(405, '29', '410', 'Sigi', '2021-09-08 02:14:46.000000', '2021-09-08 02:14:46.000000'),
(406, '29', '482', 'Tojo Una-Una', '2021-09-08 02:14:46.000000', '2021-09-08 02:14:46.000000'),
(407, '29', '483', 'Toli-Toli', '2021-09-08 02:14:46.000000', '2021-09-08 02:14:46.000000'),
(408, '30', '53', 'Bau-Bau', '2021-09-08 02:14:47.000000', '2021-09-08 02:14:47.000000'),
(409, '30', '85', 'Bombana', '2021-09-08 02:14:47.000000', '2021-09-08 02:14:47.000000'),
(410, '30', '101', 'Buton', '2021-09-08 02:14:47.000000', '2021-09-08 02:14:47.000000'),
(411, '30', '102', 'Buton Utara', '2021-09-08 02:14:47.000000', '2021-09-08 02:14:47.000000'),
(412, '30', '182', 'Kendari', '2021-09-08 02:14:47.000000', '2021-09-08 02:14:47.000000'),
(413, '30', '198', 'Kolaka', '2021-09-08 02:14:47.000000', '2021-09-08 02:14:47.000000'),
(414, '30', '199', 'Kolaka Utara', '2021-09-08 02:14:47.000000', '2021-09-08 02:14:47.000000'),
(415, '30', '200', 'Konawe', '2021-09-08 02:14:47.000000', '2021-09-08 02:14:47.000000'),
(416, '30', '201', 'Konawe Selatan', '2021-09-08 02:14:47.000000', '2021-09-08 02:14:47.000000'),
(417, '30', '202', 'Konawe Utara', '2021-09-08 02:14:47.000000', '2021-09-08 02:14:47.000000'),
(418, '30', '295', 'Muna', '2021-09-08 02:14:47.000000', '2021-09-08 02:14:47.000000'),
(419, '30', '494', 'Wakatobi', '2021-09-08 02:14:47.000000', '2021-09-08 02:14:47.000000'),
(420, '31', '73', 'Bitung', '2021-09-08 02:14:49.000000', '2021-09-08 02:14:49.000000'),
(421, '31', '81', 'Bolaang Mongondow (Bolmong)', '2021-09-08 02:14:49.000000', '2021-09-08 02:14:49.000000'),
(422, '31', '82', 'Bolaang Mongondow Selatan', '2021-09-08 02:14:49.000000', '2021-09-08 02:14:49.000000'),
(423, '31', '83', 'Bolaang Mongondow Timur', '2021-09-08 02:14:49.000000', '2021-09-08 02:14:49.000000'),
(424, '31', '84', 'Bolaang Mongondow Utara', '2021-09-08 02:14:49.000000', '2021-09-08 02:14:49.000000'),
(425, '31', '188', 'Kepulauan Sangihe', '2021-09-08 02:14:49.000000', '2021-09-08 02:14:49.000000'),
(426, '31', '190', 'Kepulauan Siau Tagulandang Biaro (Sitaro)', '2021-09-08 02:14:49.000000', '2021-09-08 02:14:49.000000'),
(427, '31', '192', 'Kepulauan Talaud', '2021-09-08 02:14:49.000000', '2021-09-08 02:14:49.000000'),
(428, '31', '204', 'Kotamobagu', '2021-09-08 02:14:49.000000', '2021-09-08 02:14:49.000000'),
(429, '31', '267', 'Manado', '2021-09-08 02:14:49.000000', '2021-09-08 02:14:49.000000'),
(430, '31', '285', 'Minahasa', '2021-09-08 02:14:49.000000', '2021-09-08 02:14:49.000000'),
(431, '31', '286', 'Minahasa Selatan', '2021-09-08 02:14:49.000000', '2021-09-08 02:14:49.000000'),
(432, '31', '287', 'Minahasa Tenggara', '2021-09-08 02:14:49.000000', '2021-09-08 02:14:49.000000'),
(433, '31', '288', 'Minahasa Utara', '2021-09-08 02:14:49.000000', '2021-09-08 02:14:49.000000'),
(434, '31', '485', 'Tomohon', '2021-09-08 02:14:49.000000', '2021-09-08 02:14:49.000000'),
(435, '32', '12', 'Agam', '2021-09-08 02:14:50.000000', '2021-09-08 02:14:50.000000'),
(436, '32', '93', 'Bukittinggi', '2021-09-08 02:14:50.000000', '2021-09-08 02:14:50.000000'),
(437, '32', '116', 'Dharmasraya', '2021-09-08 02:14:50.000000', '2021-09-08 02:14:50.000000'),
(438, '32', '186', 'Kepulauan Mentawai', '2021-09-08 02:14:50.000000', '2021-09-08 02:14:50.000000'),
(439, '32', '236', 'Lima Puluh Koto/Kota', '2021-09-08 02:14:50.000000', '2021-09-08 02:14:50.000000'),
(440, '32', '318', 'Padang', '2021-09-08 02:14:50.000000', '2021-09-08 02:14:50.000000'),
(441, '32', '321', 'Padang Panjang', '2021-09-08 02:14:50.000000', '2021-09-08 02:14:50.000000'),
(442, '32', '322', 'Padang Pariaman', '2021-09-08 02:14:50.000000', '2021-09-08 02:14:50.000000'),
(443, '32', '337', 'Pariaman', '2021-09-08 02:14:50.000000', '2021-09-08 02:14:50.000000'),
(444, '32', '339', 'Pasaman', '2021-09-08 02:14:50.000000', '2021-09-08 02:14:50.000000'),
(445, '32', '340', 'Pasaman Barat', '2021-09-08 02:14:50.000000', '2021-09-08 02:14:50.000000'),
(446, '32', '345', 'Payakumbuh', '2021-09-08 02:14:50.000000', '2021-09-08 02:14:50.000000'),
(447, '32', '357', 'Pesisir Selatan', '2021-09-08 02:14:50.000000', '2021-09-08 02:14:50.000000'),
(448, '32', '394', 'Sawah Lunto', '2021-09-08 02:14:50.000000', '2021-09-08 02:14:50.000000'),
(449, '32', '411', 'Sijunjung (Sawah Lunto Sijunjung)', '2021-09-08 02:14:50.000000', '2021-09-08 02:14:50.000000'),
(450, '32', '420', 'Solok', '2021-09-08 02:14:50.000000', '2021-09-08 02:14:50.000000'),
(451, '32', '421', 'Solok', '2021-09-08 02:14:50.000000', '2021-09-08 02:14:50.000000'),
(452, '32', '422', 'Solok Selatan', '2021-09-08 02:14:50.000000', '2021-09-08 02:14:50.000000'),
(453, '32', '453', 'Tanah Datar', '2021-09-08 02:14:50.000000', '2021-09-08 02:14:50.000000'),
(454, '33', '40', 'Banyuasin', '2021-09-08 02:14:51.000000', '2021-09-08 02:14:51.000000'),
(455, '33', '121', 'Empat Lawang', '2021-09-08 02:14:51.000000', '2021-09-08 02:14:51.000000'),
(456, '33', '220', 'Lahat', '2021-09-08 02:14:51.000000', '2021-09-08 02:14:51.000000'),
(457, '33', '242', 'Lubuk Linggau', '2021-09-08 02:14:51.000000', '2021-09-08 02:14:51.000000'),
(458, '33', '292', 'Muara Enim', '2021-09-08 02:14:51.000000', '2021-09-08 02:14:51.000000'),
(459, '33', '297', 'Musi Banyuasin', '2021-09-08 02:14:51.000000', '2021-09-08 02:14:51.000000'),
(460, '33', '298', 'Musi Rawas', '2021-09-08 02:14:51.000000', '2021-09-08 02:14:51.000000'),
(461, '33', '312', 'Ogan Ilir', '2021-09-08 02:14:51.000000', '2021-09-08 02:14:51.000000'),
(462, '33', '313', 'Ogan Komering Ilir', '2021-09-08 02:14:51.000000', '2021-09-08 02:14:51.000000'),
(463, '33', '314', 'Ogan Komering Ulu', '2021-09-08 02:14:51.000000', '2021-09-08 02:14:51.000000'),
(464, '33', '315', 'Ogan Komering Ulu Selatan', '2021-09-08 02:14:51.000000', '2021-09-08 02:14:51.000000'),
(465, '33', '316', 'Ogan Komering Ulu Timur', '2021-09-08 02:14:51.000000', '2021-09-08 02:14:51.000000'),
(466, '33', '324', 'Pagar Alam', '2021-09-08 02:14:51.000000', '2021-09-08 02:14:51.000000'),
(467, '33', '327', 'Palembang', '2021-09-08 02:14:51.000000', '2021-09-08 02:14:51.000000'),
(468, '33', '367', 'Prabumulih', '2021-09-08 02:14:51.000000', '2021-09-08 02:14:51.000000'),
(469, '34', '15', 'Asahan', '2021-09-08 02:14:52.000000', '2021-09-08 02:14:52.000000'),
(470, '34', '52', 'Batu Bara', '2021-09-08 02:14:52.000000', '2021-09-08 02:14:52.000000'),
(471, '34', '70', 'Binjai', '2021-09-08 02:14:52.000000', '2021-09-08 02:14:52.000000'),
(472, '34', '110', 'Dairi', '2021-09-08 02:14:52.000000', '2021-09-08 02:14:52.000000'),
(473, '34', '112', 'Deli Serdang', '2021-09-08 02:14:52.000000', '2021-09-08 02:14:52.000000'),
(474, '34', '137', 'Gunungsitoli', '2021-09-08 02:14:52.000000', '2021-09-08 02:14:52.000000'),
(475, '34', '146', 'Humbang Hasundutan', '2021-09-08 02:14:52.000000', '2021-09-08 02:14:52.000000'),
(476, '34', '173', 'Karo', '2021-09-08 02:14:52.000000', '2021-09-08 02:14:52.000000'),
(477, '34', '217', 'Labuhan Batu', '2021-09-08 02:14:52.000000', '2021-09-08 02:14:52.000000'),
(478, '34', '218', 'Labuhan Batu Selatan', '2021-09-08 02:14:52.000000', '2021-09-08 02:14:52.000000'),
(479, '34', '219', 'Labuhan Batu Utara', '2021-09-08 02:14:52.000000', '2021-09-08 02:14:52.000000'),
(480, '34', '229', 'Langkat', '2021-09-08 02:14:52.000000', '2021-09-08 02:14:52.000000'),
(481, '34', '268', 'Mandailing Natal', '2021-09-08 02:14:52.000000', '2021-09-08 02:14:52.000000'),
(482, '34', '278', 'Medan', '2021-09-08 02:14:52.000000', '2021-09-08 02:14:52.000000'),
(483, '34', '307', 'Nias', '2021-09-08 02:14:52.000000', '2021-09-08 02:14:52.000000'),
(484, '34', '308', 'Nias Barat', '2021-09-08 02:14:52.000000', '2021-09-08 02:14:52.000000'),
(485, '34', '309', 'Nias Selatan', '2021-09-08 02:14:52.000000', '2021-09-08 02:14:52.000000'),
(486, '34', '310', 'Nias Utara', '2021-09-08 02:14:52.000000', '2021-09-08 02:14:52.000000'),
(487, '34', '319', 'Padang Lawas', '2021-09-08 02:14:52.000000', '2021-09-08 02:14:52.000000'),
(488, '34', '320', 'Padang Lawas Utara', '2021-09-08 02:14:52.000000', '2021-09-08 02:14:52.000000'),
(489, '34', '323', 'Padang Sidempuan', '2021-09-08 02:14:52.000000', '2021-09-08 02:14:52.000000'),
(490, '34', '325', 'Pakpak Bharat', '2021-09-08 02:14:52.000000', '2021-09-08 02:14:52.000000'),
(491, '34', '353', 'Pematang Siantar', '2021-09-08 02:14:52.000000', '2021-09-08 02:14:52.000000'),
(492, '34', '389', 'Samosir', '2021-09-08 02:14:52.000000', '2021-09-08 02:14:52.000000'),
(493, '34', '404', 'Serdang Bedagai', '2021-09-08 02:14:52.000000', '2021-09-08 02:14:52.000000'),
(494, '34', '407', 'Sibolga', '2021-09-08 02:14:52.000000', '2021-09-08 02:14:52.000000'),
(495, '34', '413', 'Simalungun', '2021-09-08 02:14:52.000000', '2021-09-08 02:14:52.000000'),
(496, '34', '459', 'Tanjung Balai', '2021-09-08 02:14:52.000000', '2021-09-08 02:14:52.000000'),
(497, '34', '463', 'Tapanuli Selatan', '2021-09-08 02:14:52.000000', '2021-09-08 02:14:52.000000'),
(498, '34', '464', 'Tapanuli Tengah', '2021-09-08 02:14:52.000000', '2021-09-08 02:14:52.000000'),
(499, '34', '465', 'Tapanuli Utara', '2021-09-08 02:14:52.000000', '2021-09-08 02:14:52.000000'),
(500, '34', '470', 'Tebing Tinggi', '2021-09-08 02:14:52.000000', '2021-09-08 02:14:52.000000'),
(501, '34', '481', 'Toba Samosir', '2021-09-08 02:14:52.000000', '2021-09-08 02:14:52.000000');

-- --------------------------------------------------------

--
-- Table structure for table `couriers`
--

CREATE TABLE `couriers` (
  `id` int(50) NOT NULL,
  `code` varchar(50) NOT NULL,
  `title` varchar(50) NOT NULL,
  `created_at` timestamp(6) NULL DEFAULT NULL,
  `updated_at` timestamp(6) NULL DEFAULT NULL
) ENGINE=InnoDB DEFAULT CHARSET=utf8mb4;

--
-- Dumping data for table `couriers`
--

INSERT INTO `couriers` (`id`, `code`, `title`, `created_at`, `updated_at`) VALUES
(1, 'jne', 'JNE', NULL, NULL);

-- --------------------------------------------------------

--
-- Table structure for table `destinasi`
--

CREATE TABLE `destinasi` (
  `id_destinasi` int(50) NOT NULL,
  `nama` varchar(50) NOT NULL,
  `no_wa` varchar(50) NOT NULL,
  `alamat_tujuan` varchar(255) NOT NULL,
  `kota_id` varchar(50) NOT NULL,
  `provinsi_id` varchar(50) NOT NULL,
  `kode_pos` varchar(50) NOT NULL,
  `updated_at` timestamp(6) NULL DEFAULT NULL,
  `created_at` timestamp(6) NULL DEFAULT NULL
) ENGINE=InnoDB DEFAULT CHARSET=utf8mb4;

--
-- Dumping data for table `destinasi`
--

INSERT INTO `destinasi` (`id_destinasi`, `nama`, `no_wa`, `alamat_tujuan`, `kota_id`, `provinsi_id`, `kode_pos`, `updated_at`, `created_at`) VALUES
(66, 'jbjb', '897', 'wfe', '32', '1', '243', '2021-10-12 15:05:31.000000', '2021-10-12 15:05:31.000000');

-- --------------------------------------------------------

--
-- Table structure for table `failed_jobs`
--

CREATE TABLE `failed_jobs` (
  `id` bigint(20) UNSIGNED NOT NULL,
  `uuid` varchar(255) COLLATE utf8mb4_unicode_ci NOT NULL,
  `connection` text COLLATE utf8mb4_unicode_ci NOT NULL,
  `queue` text COLLATE utf8mb4_unicode_ci NOT NULL,
  `payload` longtext COLLATE utf8mb4_unicode_ci NOT NULL,
  `exception` longtext COLLATE utf8mb4_unicode_ci NOT NULL,
  `failed_at` timestamp NOT NULL DEFAULT current_timestamp()
) ENGINE=InnoDB DEFAULT CHARSET=utf8mb4 COLLATE=utf8mb4_unicode_ci;

-- --------------------------------------------------------

--
-- Table structure for table `jenis_kelamin`
--

CREATE TABLE `jenis_kelamin` (
  `id_jenis_kelamin` int(255) NOT NULL,
  `nama_jenis_kelamin` varchar(255) NOT NULL
) ENGINE=InnoDB DEFAULT CHARSET=utf8mb4;

-- --------------------------------------------------------

--
-- Table structure for table `jenis_produk`
--

CREATE TABLE `jenis_produk` (
  `id_jenis` int(255) NOT NULL,
  `nama_jenis` varchar(255) NOT NULL,
  `bahan_jenis` varchar(255) NOT NULL,
  `spek_bahan` varchar(255) NOT NULL,
  `berat_produk` varchar(50) DEFAULT NULL
) ENGINE=InnoDB DEFAULT CHARSET=utf8mb4;

--
-- Dumping data for table `jenis_produk`
--

INSERT INTO `jenis_produk` (`id_jenis`, `nama_jenis`, `bahan_jenis`, `spek_bahan`, `berat_produk`) VALUES
(1, 'T-shirt', 'Cotton Combed 30s', 'Bahan kain yang nyaman dan sejuk. Bahan ini menyerap keringat dan nggak bikin iritasi', '200'),
(2, 'Hoodie', 'Fleece tebal', 'Tebal dan tidak menerawang', '525'),
(3, 'Crewneck', 'Fleece PE', 'Fleece PE Tebal, jahitan lehsr double stick', '500'),
(4, 'Hardcase', 'Polycarbonate', 'Dicetak full print sampai samping, bahan kokoh', '96'),
(5, 'Softcase', 'Bahan elastis', 'Bahan lentur, dicetak pada bagian permukaan belakang saja, ukuran presisi, ', '76');

-- --------------------------------------------------------

--
-- Table structure for table `jenis_sablon`
--

CREATE TABLE `jenis_sablon` (
  `id_jenis_sablon` int(255) NOT NULL,
  `nama_sablon` varchar(255) NOT NULL,
  `keterangan_sablon` varchar(255) NOT NULL
) ENGINE=InnoDB DEFAULT CHARSET=utf8mb4;

--
-- Dumping data for table `jenis_sablon`
--

INSERT INTO `jenis_sablon` (`id_jenis_sablon`, `nama_sablon`, `keterangan_sablon`) VALUES
(1, 'Polyflex', 'Hanya dapat cetak 1 warna.\r\n Warna putih solid & memiliki varian sablon glow in the dark'),
(2, 'Direct To Film (DTF)', 'Hasil cetak lebih detail\r\n, Hasil cetak lebih cerah, Adem dan nyaman digunakan'),
(3, 'Direct To Garment (DTG)', ' Hasil cetak menyatu pada kain (Ketika disetrika di bagian sablon pun Aman), Hasil cetak tajam dan terang\r\n, Awet (tidak luntur) & tahan lama\r\n, Dicetak dengan mesin yang sama dengan yang memproduksi merek kelas atas (Nike, uniqlo, Levi\'s)');

-- --------------------------------------------------------

--
-- Table structure for table `kategori_produk`
--

CREATE TABLE `kategori_produk` (
  `id_kategori` int(255) NOT NULL,
  `nama_kategori` varchar(255) NOT NULL
) ENGINE=InnoDB DEFAULT CHARSET=utf8mb4;

--
-- Dumping data for table `kategori_produk`
--

INSERT INTO `kategori_produk` (`id_kategori`, `nama_kategori`) VALUES
(1, 'Script Code Programming\r\n'),
(2, 'Tipografi'),
(3, 'Streetwear'),
(4, 'Iconic');

-- --------------------------------------------------------

--
-- Table structure for table `keranjang`
--

CREATE TABLE `keranjang` (
  `id_keranjang` int(255) NOT NULL,
  `produk_id` varchar(255) NOT NULL,
  `ukuran_id` varchar(255) NOT NULL,
  `tambahan_request` varchar(255) DEFAULT NULL,
  `jumlah_produk_keranjang` int(11) NOT NULL,
  `berat_keranjang` int(11) NOT NULL,
  `status_keranjang` varchar(50) NOT NULL,
  `transaksi_id` int(50) DEFAULT NULL,
  `user_id` varchar(50) NOT NULL,
  `biaya_keranjang` varchar(255) DEFAULT NULL,
  `net_margin` int(50) DEFAULT NULL,
  `updated_at` varchar(50) DEFAULT NULL,
  `created_at` varchar(50) DEFAULT NULL
) ENGINE=InnoDB DEFAULT CHARSET=utf8mb4;

--
-- Dumping data for table `keranjang`
--

INSERT INTO `keranjang` (`id_keranjang`, `produk_id`, `ukuran_id`, `tambahan_request`, `jumlah_produk_keranjang`, `berat_keranjang`, `status_keranjang`, `transaksi_id`, `user_id`, `biaya_keranjang`, `net_margin`, `updated_at`, `created_at`) VALUES
(160, '6', '3', NULL, 2, 400, 'checkout', 74, '18', '230000', 90000, '2021-10-12 15:04:18', '2021-10-12 15:04:18'),
(161, '11', '4', NULL, 1, 200, 'checkout', 74, '18', '118000', 28000, '2021-10-12 15:04:34', '2021-10-12 15:04:34'),
(165, '11', '5', NULL, 1, 200, 'atc', NULL, '27', '118000', 28000, '2021-10-15 14:56:55', '2021-10-15 14:56:55'),
(166, '36', '5', NULL, 1, 200, 'atc', NULL, '27', '118000', 28000, '2021-10-15 15:06:24', '2021-10-15 15:06:24'),
(170, '1', '2', NULL, 1, 200, 'atc', NULL, '18', '99000', 29000, '2021-11-01 13:21:25', '2021-11-01 13:21:25');

-- --------------------------------------------------------

--
-- Table structure for table `migrations`
--

CREATE TABLE `migrations` (
  `id` int(10) UNSIGNED NOT NULL,
  `migration` varchar(255) COLLATE utf8mb4_unicode_ci NOT NULL,
  `batch` int(11) NOT NULL
) ENGINE=InnoDB DEFAULT CHARSET=utf8mb4 COLLATE=utf8mb4_unicode_ci;

--
-- Dumping data for table `migrations`
--

INSERT INTO `migrations` (`id`, `migration`, `batch`) VALUES
(5, '2014_10_12_000000_create_users_table', 1),
(6, '2014_10_12_100000_create_password_resets_table', 1),
(7, '2019_08_19_000000_create_failed_jobs_table', 1),
(8, '2019_12_14_000001_create_personal_access_tokens_table', 1),
(9, '2021_09_08_011913_add_column_google_id_to_users_table', 2),
(10, '2021_09_08_083125_create_provinces_table', 3),
(11, '2021_09_08_083140_create_cities_table', 3),
(12, '2021_09_08_083216_create_couriers_table', 3);

-- --------------------------------------------------------

--
-- Table structure for table `password_resets`
--

CREATE TABLE `password_resets` (
  `email` varchar(255) COLLATE utf8mb4_unicode_ci NOT NULL,
  `token` varchar(255) COLLATE utf8mb4_unicode_ci NOT NULL,
  `created_at` timestamp NULL DEFAULT NULL
) ENGINE=InnoDB DEFAULT CHARSET=utf8mb4 COLLATE=utf8mb4_unicode_ci;

-- --------------------------------------------------------

--
-- Table structure for table `personal_access_tokens`
--

CREATE TABLE `personal_access_tokens` (
  `id` bigint(20) UNSIGNED NOT NULL,
  `tokenable_type` varchar(255) COLLATE utf8mb4_unicode_ci NOT NULL,
  `tokenable_id` bigint(20) UNSIGNED NOT NULL,
  `name` varchar(255) COLLATE utf8mb4_unicode_ci NOT NULL,
  `token` varchar(64) COLLATE utf8mb4_unicode_ci NOT NULL,
  `abilities` text COLLATE utf8mb4_unicode_ci DEFAULT NULL,
  `last_used_at` timestamp NULL DEFAULT NULL,
  `created_at` timestamp NULL DEFAULT NULL,
  `updated_at` timestamp NULL DEFAULT NULL
) ENGINE=InnoDB DEFAULT CHARSET=utf8mb4 COLLATE=utf8mb4_unicode_ci;

-- --------------------------------------------------------

--
-- Table structure for table `produk`
--

CREATE TABLE `produk` (
  `id_produk` int(2) NOT NULL,
  `nama_produk` varchar(58) DEFAULT NULL,
  `gambar_list1` varchar(9) DEFAULT NULL,
  `gambar_list2` varchar(9) DEFAULT NULL,
  `gambar_produk` varchar(9) DEFAULT NULL,
  `gambar_produk2` varchar(9) DEFAULT NULL,
  `gambar_produk3` varchar(9) DEFAULT NULL,
  `gambar_produk4` varchar(9) DEFAULT NULL,
  `sablon_produk_id` int(1) DEFAULT NULL,
  `jenis_produk_id` int(1) DEFAULT NULL,
  `kategori_id` varchar(2) DEFAULT NULL,
  `hpp` int(50) DEFAULT NULL,
  `harga_produk1` int(6) DEFAULT NULL,
  `harga_produk2` int(6) DEFAULT NULL,
  `diskon` int(2) DEFAULT NULL,
  `terlaris` varchar(1) DEFAULT NULL,
  `jumlah_penjualan` varchar(10) DEFAULT NULL
) ENGINE=InnoDB DEFAULT CHARSET=utf8;

--
-- Dumping data for table `produk`
--

INSERT INTO `produk` (`id_produk`, `nama_produk`, `gambar_list1`, `gambar_list2`, `gambar_produk`, `gambar_produk2`, `gambar_produk3`, `gambar_produk4`, `sablon_produk_id`, `jenis_produk_id`, `kategori_id`, `hpp`, `harga_produk1`, `harga_produk2`, `diskon`, `terlaris`, `jumlah_penjualan`) VALUES
(1, 'Programming belum Berhasil - White High Grade DTG', 'kk11.jpg', 'kk12.jpg', 'kk1.jpg', '2kk1.jpg', '3kk1.jpg', '4kk1.jpg', 3, 1, '1', 70000, 129000, 113000, 13, 'y', NULL),
(2, 'Programming Quotes Belum Berhasil - Black Premium DTF', 'kk21.jpg', 'kk22.jpg', 'kk2.jpg', '2kk2.jpg', '3kk2.jpg', '4kk2.jpg', 2, 1, '1', 90000, 139000, 128000, 8, 'y', NULL),
(3, 'Programming Budak koding - Black Premium DTF', 'kk31.jpg', 'kk32.jpg', 'kk3.jpg', '2kk3.jpg', '3kk3.jpg', '4kk3.jpg', 2, 1, '1', 80000, 139000, 128000, 8, NULL, NULL),
(4, 'Programming Semicolon Icon - Army Polyflex', 'kk41.jpg', 'kk42.jpg', 'kk4.jpg', '2kk4.jpg', '3kk4.jpg', '4kk4.jpg', 1, 1, '1', 70000, 129000, 91000, 30, NULL, NULL),
(5, 'Programming Quotes Suka someone - Black Premium DTF', 'kk51.jpg', 'kk52.jpg', 'kk5.jpg', '2kk5.jpg', '3kk5.jpg', '4kk5.jpg', 2, 1, '1', 90000, NULL, 139000, NULL, NULL, NULL),
(6, 'Programming Koding Pangkal Pusing - White High Grade DTG', 'kk61.jpg', 'kk62.jpg', 'kk6.jpg', '2kk6.jpg', '3kk6.jpg', '4kk6.jpg', 3, 1, '1', 70000, 129000, 113000, 13, NULL, NULL),
(9, 'Programming Quotes Laki fearless - Black Premium DTF', 'kk71.jpg', 'kk72.jpg', 'kk7.jpg', '2kk7.jpg', '3kk7.jpg', '4kk7.jpg', 2, 1, '1', 90000, NULL, 139000, NULL, NULL, NULL),
(10, 'Programming Desain koding menarik - White High Grade DTG', 'kk81.jpg', 'kk82.jpg', 'kk8.jpg', '2kk8.jpg', '3kk8.jpg', '4kk8.jpg', 3, 1, '1', 70000, 129000, 113000, 13, NULL, NULL),
(11, 'Programming Quotes Ngoding Terus - Black Premium DTF', 'kk91.jpg', 'kk92.jpg', 'kk9.jpg', '2kk9.jpg', '3kk9.jpg', '4kk9.jpg', 2, 1, '1', 90000, 139000, 128000, 8, NULL, NULL),
(12, 'Programming Semicolon Icon - Maroon Polyflex', 'kk101.jpg', 'kk102.jpg', 'kk10.jpg', '2kk10.jpg', '3kk10.jpg', '4kk10.jpg', 1, 1, '1', 70000, NULL, 129000, NULL, NULL, NULL),
(13, 'Programming Greeting Android studio - Black Premium DTF', 'kk111.jpg', 'kk112.jpg', 'kk11b.jpg', '2kk11.jpg', '3kk11.jpg', '4kk11.jpg', 2, 1, '1', 90000, 139000, 128000, 8, NULL, NULL),
(14, 'Programming Quotes Kotlin Version - White High Grade DTG', 'kk121.jpg', 'kk122.jpg', 'kk12b.jpg', '2kk12.jpg', '3kk12.jpg', '4kk12.jpg', 3, 1, '1', 70000, NULL, 129000, NULL, NULL, NULL),
(15, 'Programming Quotes Motto Kehidupan- Black Polyflex', 'kk131.jpg', 'kk132.jpg', 'kk13b.jpg', '2kk13.jpg', '3kk13.jpg', '4kk13.jpg', 1, 1, '1', 70000, 129000, 113000, 13, 'y', NULL),
(16, 'Programming Ngoding Mulu Kapan Ngopi - Army Polyflex', 'kk141.jpg', 'kk142.jpg', 'kk14.jpg', '2kk14.jpg', '3kk14.jpg', '4kk14.jpg', 1, 1, '1', 70000, 129000, 113000, 13, NULL, NULL),
(17, 'Stweetwear Pejuang Programming - Black Premium DTF', 'sk11.jpg', 'sk12.jpg', 'sk1.jpg', '2sk1.jpg', '3sk1.jpg', '4sk1.jpg', 2, 1, '3', 110000, NULL, 145000, NULL, NULL, NULL),
(18, 'Stweetwear Code Live Programmer - White High Grade DTG', 'sk21.jpg', 'sk22.jpg', 'sk2.jpg', '2sk2.jpg', '3sk2.jpg', '4sk2.jpg', 3, 1, '3', 85000, 134000, 128000, 5, 'y', NULL),
(19, 'Stweetwear Loop Ngoding - White High Grade DTG', 'sk31.jpg', 'sk32.jpg', 'sk3.jpg', '2sk3.jpg', '3sk3.jpg', '4sk3.jpg', 3, 1, '3', 85000, 134000, 128000, 5, NULL, NULL),
(20, 'Stweetwear Programming Bikin Pusing - White High Grade DTG', 'sk41.jpg', 'sk42.jpg', 'sk4.jpg', '2sk4.jpg', '3sk4.jpg', '4sk4.jpg', 3, 1, '3', 85000, 134000, 128000, 5, NULL, NULL),
(21, 'Stweetwear Scan My Profile - White high Grade DTG', 'sk51.jpg', 'sk52.jpg', 'sk5.jpg', '2sk5.jpg', '3sk5.jpg', '4sk5.jpg', 3, 1, '3', 85000, 134000, 128000, 5, NULL, NULL),
(22, 'Stweetwear Ngoding As Always - White High Grade DTG', 'sk61.jpg', 'sk62.jpg', 'sk6.jpg', '2sk6.jpg', '3sk6.jpg', '4sk6.jpg', 3, 1, '3', 85000, 134000, 128000, 5, NULL, NULL),
(23, 'Stweetwear Programmer WFH - White High Grade DTG', 'sk71.jpg', 'sk72.jpg', 'sk7.jpg', '2sk7.jpg', '3sk7.jpg', '4sk7.jpg', 3, 1, '3', 85000, 134000, 128000, 5, NULL, NULL),
(24, 'Tipografi Lets Code It - White High Grade DTG', 'tk11.jpg', 'tk12.jpg', 'tk1.jpg', '2tk1.jpg', '3tk1.jpg', '4tk1.jpg', 3, 1, '2', 70000, 129000, 113000, 13, NULL, NULL),
(25, 'Tipografi Coders - Black Polyflex', 'tk21.jpg', 'tk22.jpg', 'tk2.jpg', '2tk2.jpg', '3tk2.jpg', '4tk2.jpg', 1, 1, '2', 70000, 129000, 113000, 13, NULL, NULL),
(26, 'Tipografi My Bug My Adventure - White High Grade DTG', 'tk31.jpg', 'tk32.jpg', 'tk3.jpg', '2tk3.jpg', '3tk3.jpg', '4tk3.jpg', 3, 1, '2', 70000, 129000, 113000, 13, NULL, NULL),
(27, 'Tipografi Makan Tidur Ngoding - Army Polyflex', 'tk41.jpg', 'tk42.jpg', 'tk4.jpg', '2tk4.jpg', '3tk4.jpg', '4tk4.jpg', 1, 1, '2', 70000, NULL, 129000, NULL, NULL, NULL),
(28, 'Tipografi Definisi Algoritma - Black Polyflex', 'tk51.jpg', 'tk52.jpg', 'tk5.jpg', '2tk5.jpg', '3tk5.jpg', '4tk5.jpg', 1, 1, '2', 70000, NULL, 129000, NULL, NULL, NULL),
(29, 'Tipografi 404 not found - White High Grade DTG', 'tk61.jpg', 'tk62.jpg', 'tk6.jpg', '2tk6.jpg', '3tk6.jpg', '4tk6.jpg', 3, 1, '2', 70000, NULL, 129000, NULL, NULL, NULL),
(30, 'Tipografi Programming Non Stop - Black Polyflex', 'tk71.jpg', 'tk72.jpg', 'tk7.jpg', '2tk7.jpg', '3tk7.jpg', '4tk7.jpg', 1, 1, '2', 70000, NULL, 129000, NULL, NULL, NULL),
(31, 'Tipografi Capex ngoding - White High Grade DTG', 'tk81.jpg', 'tk82.jpg', 'tk8.jpg', '2tk8.jpg', '3tk8.jpg', '4tk8.jpg', 3, 1, '2', 70000, 129000, 113000, 13, NULL, NULL),
(32, 'Tipografi Harta Tahta Informatika - Black Polyflex', 'tk91.jpg', 'tk92.jpg', 'tk9.jpg', '2tk9.jpg', '3tk9.jpg', '4tk9.jpg', 1, 1, '2', 55000, 85000, 82000, 4, NULL, NULL),
(33, 'Tipografi Kaos Ngoding - White High Grade DTG', 'tk101.jpg', 'tk102.jpg', 'tk10.jpg', '2tk10.jpg', '3tk10.jpg', '4tk10.jpg', 3, 1, '2', 70000, 129000, 113000, 13, NULL, NULL),
(34, 'Tipografi Lorem bin Ipsum - Army Polyflex', 'tk111.jpg', 'tk112.jpg', 'tk11b.jpg', '2tk11.jpg', '3tk11.jpg', '4tk11.jpg', 1, 1, '2', 70000, NULL, 129000, NULL, NULL, NULL),
(35, 'Tipografi Kamu adalah CSS - Army Premium DTF', 'tk121.jpg', 'tk122.jpg', 'tk12b.jpg', '2tk12.jpg', '3tk12.jpg', '4tk12.jpg', 2, 1, '2', 90000, 139000, 128000, 8, NULL, NULL),
(36, 'Tipografi Android Dev - Black Premium DTF', 'tk131.jpg', 'tk132.jpg', 'tk13b.jpg', '2tk13.jpg', '3tk13.jpg', '4tk13.jpg', 2, 1, '2', 90000, NULL, 139000, NULL, NULL, NULL),
(37, 'Tipografi Full Stack Developer - White High Grade DTG', 'tk141.jpg', 'tk142.jpg', 'tk14b.jpg', '2tk14.jpg', '3tk14.jpg', '4tk14.jpg', 3, 1, '2', 70000, NULL, 129000, NULL, NULL, NULL),
(38, 'Programming Quotes Belum Berhasil - Black Premium DTF', 'kh11.jpg', 'kh12.jpg', 'kh1.jpg', '2kh1.jpg', '3kh1.jpg', '4kh1.jpg', 2, 2, '1', 160000, 210000, 189000, 10, NULL, NULL),
(39, 'Quotes Koding Pangkal Pusing - White Premium DTF', 'kh21.jpg', 'kh22.jpg', 'kh2.jpg', '2kh2.jpg', '3kh2.jpg', '4kh2.jpg', 2, 2, '1', 160000, 210000, 195000, 7, NULL, NULL),
(40, 'Script Code Mobile Apps Developer - Black Polyflex', 'kh31.jpg', 'kh32.jpg', 'kh3.jpg', '2kh3.jpg', '3kh3.jpg', '4kh3.jpg', 1, 2, '1', 140000, 189000, 181000, 4, NULL, NULL),
(41, 'Script Code Person Ngoding - Dark Grey Polyflex', 'kh41.jpg', 'kh42.jpg', 'kh4.jpg', '2kh4.jpg', '3kh4.jpg', '4kh4.jpg', 1, 2, '1', 140000, NULL, 189000, NULL, NULL, NULL),
(42, 'Script Code If tired Programming - White Premium DTF', 'kh51.jpg', 'kh52.jpg', 'kh5.jpg', '2kh5.jpg', '3kh5.jpg', '4kh5.jpg', 2, 2, '1', 160000, NULL, 210000, NULL, NULL, NULL),
(43, 'Script Code Ngoding Terus - Black Premium DTF', 'kh61.jpg', 'kh62.jpg', 'kh6.jpg', '2kh6.jpg', '3kh6.jpg', '4kh6.jpg', 2, 2, '1', 160000, NULL, 210000, NULL, NULL, NULL),
(44, 'Script Code Motto Hidup - Black Polyflex', 'kh71.jpg', 'kh72.jpg', 'kh7.jpg', '2kh7.jpg', '3kh7.jpg', '4kh7.jpg', 1, 2, '1', 140000, 189000, 168000, 11, NULL, NULL),
(45, 'Script Code Ngoding Terus Ngopi Kapan - Black Polyflex', 'kh81.jpg', 'kh82.jpg', 'kh8.jpg', '2kh8.jpg', '3kh8.jpg', '4kh8.jpg', 1, 2, '1', 140000, 189000, 168000, 11, NULL, NULL),
(46, 'Tipografi Lets Code it - Black Premium DTF', 'th11.jpg', 'th12.jpg', 'th1.jpg', '2th1.jpg', '3th1.jpg', '4th1.jpg', 2, 2, '2', 160000, 210000, 189000, 10, NULL, NULL),
(47, 'Tipografi My Bug My Adventure - White Polyflex', 'th21.jpg', 'th22.jpg', 'th2.jpg', '2th2.jpg', '3th2.jpg', '4th2.jpg', 1, 2, '2', 140000, NULL, 189000, NULL, NULL, NULL),
(48, 'Tipografi Coders - Black Polyflex', 'th31.jpg', 'th32.jpg', 'th3.jpg', '2th3.jpg', '3th3.jpg', '4th3.jpg', 1, 2, '2', 140000, 189000, 168000, 11, NULL, NULL),
(49, 'Tipografi Web or Mobile - Black Premium DTF', 'th41.jpg', 'th42.jpg', 'th4.jpg', '2th4.jpg', '3th4.jpg', '4th4.jpg', 2, 2, '2', 160000, NULL, 210000, NULL, NULL, NULL),
(50, 'Tipografi My Bug My Adventure - Black Polyflex', 'th51.jpg', 'th52.jpg', 'th5.jpg', '2th5.jpg', '3th5.jpg', '4th5.jpg', 1, 2, '2', 140000, 189000, 168000, 11, NULL, NULL),
(51, 'Tipografi Web Dev Community - Black Premium DTF', 'th61.jpg', 'th62.jpg', 'th6.jpg', '2th6.jpg', '3th6.jpg', '4th6.jpg', 2, 2, '2', 160000, 210000, 189000, 10, NULL, NULL),
(52, 'Tipografi Android Dev - Black Premium DTF', 'th71.jpg', 'th72.jpg', 'th7.jpg', '2th7.jpg', '3th7.jpg', '4th7.jpg', 2, 2, '2', 160000, NULL, 210000, NULL, NULL, NULL),
(53, 'Tipografi 404 Not Found - Black Polyflex', 'th81.jpg', 'th82.jpg', 'th8.jpg', '2th8.jpg', '3th8.jpg', '4th8.jpg', 1, 2, '2', 125000, 175000, 159000, 9, NULL, NULL),
(54, 'Iconic Brake Incognito - Black Premium DTF', 'ih11.jpg', 'ih12.jpg', 'ih1.jpg', '2ih1.jpg', '3ih1.jpg', '4ih1.jpg', 2, 2, '4', 160000, 210000, 189000, 10, NULL, NULL),
(55, 'Iconic Mossaic Semicolon - White Premium DTF', 'ih21.jpg', 'ih22.jpg', 'ih2.jpg', '2ih2.jpg', '3ih2.jpg', '4ih2.jpg', 2, 2, '4', 140000, 210000, 184800, 12, NULL, NULL),
(56, 'Iconic Special Incognito - Black Polyflex', 'ih31.jpg', 'ih32.jpg', 'ih3.jpg', '2ih3.jpg', '3ih3.jpg', '4ih3.jpg', 1, 2, '4', 125000, 175000, 159000, 9, 'y', NULL),
(57, 'Iconic Just Play It - Grey Polyflex', 'ih41.jpg', 'ih42.jpg', 'ih4.jpg', '2ih4.jpg', '3ih4.jpg', '4ih4.jpg', 1, 2, '4', 125000, 175000, 148000, 15, NULL, NULL),
(58, 'Iconic Shut down - Dark Grey Polyflex', 'ih51.jpg', 'ih52.jpg', 'ih5.jpg', '2ih5.jpg', '3ih5.jpg', '4ih5.jpg', 1, 2, '4', 125000, NULL, 175000, NULL, NULL, NULL),
(59, 'Iconic USB - Black Polyflex', 'ih61.jpg', 'ih62.jpg', 'ih6.jpg', '2ih6.jpg', '3ih6.jpg', '4ih6.jpg', 1, 2, '4', 125000, NULL, 175000, NULL, NULL, NULL),
(60, 'Iconic Just Hear It - Grey Polyflex', 'ih71.jpg', 'ih72.jpg', 'ih7.jpg', '2ih7.jpg', '3ih7.jpg', '4ih7.jpg', 1, 2, '4', 125000, 175000, 148000, 15, NULL, NULL),
(61, 'Iconic Bilangan Biner - Grey Polyflex', 'ih81.jpg', 'ih82.jpg', 'ih8.jpg', '2ih8.jpg', '3ih8.jpg', '4ih8.jpg', 1, 2, '4', 125000, NULL, 175000, NULL, NULL, NULL),
(62, 'Programming Quotes Belum Berhasil - Black Premium DTF', 'ks11.jpg', 'ks12.jpg', 'ks1.jpg', '2ks1.jpg', '3ks1.jpg', '4ks1.jpg', 2, 3, '1', 160000, 210000, 193000, 8, NULL, NULL),
(64, 'Script Code Mobile Apps Developer - Black Polyflex', 'ks31.jpg', 'ks32.jpg', 'ks3.jpg', '2ks3.jpg', '3ks3.jpg', '4ks3.jpg', 1, 3, '1', 140000, 210000, 189000, 10, NULL, NULL),
(65, 'Script Code Person Ngoding - Grey Polyflex', 'ks41.jpg', 'ks42.jpg', 'ks4.jpg', '2ks4.jpg', '3ks4.jpg', '4ks4.jpg', 1, 3, '1', 140000, NULL, 189000, NULL, NULL, NULL),
(66, 'Script Code Ngoding Terus - Black Premium DTF', 'ks61.jpg', 'ks62.jpg', 'ks6.jpg', '2ks6.jpg', '3ks6.jpg', '4ks6.jpg', 2, 3, '1', 160000, NULL, 210000, NULL, NULL, NULL),
(67, 'Script Code Motto Hidup - Black Polyflex', 'ks71.jpg', 'ks72.jpg', 'ks7.jpg', '2ks7.jpg', '3ks7.jpg', '4ks7.jpg', 1, 3, '1', 140000, 189000, 168000, 11, NULL, NULL),
(68, 'Script Code Ngoding Terus Ngopi Kapan - Black Polyflex', 'ks81.jpg', 'ks82.jpg', 'ks8.jpg', '2ks8.jpg', '3ks8.jpg', '4ks8.jpg', 1, 3, '1', 140000, NULL, 189000, NULL, NULL, NULL),
(69, 'Tipografi Lets Code it - Black Premium DTF', 'ts11.jpg', 'ts12.jpg', 'ts1.jpg', '2ts1.jpg', '3ts1.jpg', '4ts1.jpg', 2, 3, '2', 160000, NULL, 189000, NULL, NULL, NULL),
(70, 'Tipografi Coders - Black Polyflex', 'ts31.jpg', 'ts32.jpg', 'ts3.jpg', '2ts3.jpg', '3ts3.jpg', '4ts3.jpg', 1, 3, '2', 140000, 210000, 189000, 10, NULL, NULL),
(71, 'Tipografi Web or Mobile - Black Premium DTF', 'ts41.jpg', 'ts42.jpg', 'ts4.jpg', '2ts4.jpg', '3ts4.jpg', '4ts4.jpg', 2, 3, '2', 160000, NULL, 210000, NULL, NULL, NULL),
(72, 'Tipografi My Bug My Adventure - Black Polyflex', 'ts51.jpg', 'ts52.jpg', 'ts5.jpg', '2ts5.jpg', '3ts5.jpg', '4ts5.jpg', 1, 3, '2', 140000, 189000, 168000, 11, NULL, NULL),
(73, 'Tipografi Web Dev Community - Black Premium DTF', 'ts61.jpg', 'ts62.jpg', 'ts6.jpg', '2ts6.jpg', '3ts6.jpg', '4ts6.jpg', 2, 3, '2', 160000, NULL, 210000, NULL, NULL, NULL),
(74, 'Tipografi Android Dev - Black Premium DTF', 'ts71.jpg', 'ts72.jpg', 'ts7.jpg', '2ts7.jpg', '3ts7.jpg', '4ts7.jpg', 2, 3, '2', 160000, NULL, 210000, NULL, NULL, NULL),
(75, 'Tipografi 404 Not Found - Black Polyflex', 'ts81.jpg', 'ts82.jpg', 'ts8.jpg', '2ts8.jpg', '3ts8.jpg', '4ts8.jpg', 1, 3, '2', 125000, 175000, 159000, 9, NULL, NULL),
(76, 'Iconic Brake Incognito - Black Premium DTF', 'is11.jpg', 'is12.jpg', 'is1.jpg', '2is1.jpg', '3is1.jpg', '4is1.jpg', 1, 3, '4', 160000, NULL, 210000, NULL, NULL, NULL),
(77, 'Iconic Incognito - Black Polyflex', 'is31.jpg', 'is32.jpg', 'is3.jpg', '2is3.jpg', '3is3.jpg', '4is3.jpg', 1, 3, '4', 125000, 175000, 159000, 9, NULL, NULL),
(78, 'Iconic Just Play It - Grey Polyflex', 'is41.jpg', 'is42.jpg', 'is4.jpg', '2is4.jpg', '3is4.jpg', '4is4.jpg', 1, 3, '4', 125000, 175000, 159000, 9, NULL, NULL),
(79, 'Iconic Shut down - Grey Polyflex', 'is51.jpg', 'is52.jpg', 'is5.jpg', '2is5.jpg', '3is5.jpg', '4is5.jpg', 1, 3, '4', 125000, NULL, 175000, NULL, NULL, NULL),
(80, 'Iconic USB - Black Polyflex', 'is61.jpg', 'is62.jpg', 'is6.jpg', '2is6.jpg', '3is6.jpg', '4is6.jpg', 1, 3, '4', 125000, NULL, 175000, NULL, NULL, NULL),
(81, 'Iconic Just Hear It - Grey Polyflex', 'is71.jpg', 'is72.jpg', 'is7.jpg', '2is7.jpg', '3is7.jpg', '4is7.jpg', 1, 3, '4', 125000, 175000, 159000, 9, NULL, NULL),
(82, 'Iconic Bilangan Biner - Grey Polyflex', 'is81.jpg', 'is82.jpg', 'is8.jpg', '2is8.jpg', '3is8.jpg', '4is8.jpg', 1, 3, '4', 125000, NULL, 175000, NULL, NULL, NULL),
(83, 'Script Code Mozaik Im Coder - Polycarbonate', 'c3d11.jpg', 'c3d12.jpg', 'c3d1.jpg', '2c3d1.jpg', '3c3d1.jpg', '4c3d1.jpg', 0, 4, '1', NULL, 99000, 76000, 10, NULL, NULL),
(84, 'Script Code Mocaik Pasukan Koding - Polycarbonate', 'c3d21.jpg', 'c3d22.jpg', 'c3d2.jpg', '2c3d2.jpg', '3c3d2.jpg', '4c3d2.jpg', 0, 4, '1', NULL, 99000, 76000, NULL, NULL, NULL),
(85, 'Script Code Koding - Polycarbonate', 'c3d31.jpg', 'c3d32.jpg', 'c3d3.jpg', '2c3d3.jpg', '3c3d3.jpg', '4c3d3.jpg', 0, 4, '1', NULL, 99000, 76000, NULL, NULL, NULL),
(86, 'Programming Doodle Error - Polycarbonate', 'c3d41.jpg', 'c3d42.jpg', 'c3d4.jpg', '2c3d4.jpg', '3c3d4.jpg', '4c3d4.jpg', 0, 4, '2', NULL, 99000, 90000, NULL, NULL, NULL),
(87, 'Programming Processing Connection - Polycarbonate', 'c3d51.jpg', 'c3d52.jpg', 'c3d5.jpg', '2c3d5.jpg', '3c3d5.jpg', '4c3d5.jpg', 0, 4, '2', NULL, 99000, 76000, NULL, NULL, NULL),
(88, 'Programming Doodle Android - Polycarbonate', 'c3d61.jpg', 'c3d62.jpg', 'c3d6.jpg', '2c3d6.jpg', '3c3d6.jpg', '4c3d6.jpg', 0, 4, '2', NULL, 99000, 76000, NULL, NULL, NULL),
(89, 'Programming Doodle IT - Polycarbonate', 'c3d71.jpg', 'c3d72.jpg', 'c3d7.jpg', '2c3d7.jpg', '3c3d7.jpg', '4c3d7.jpg', 0, 4, '2', NULL, 99000, 76000, NULL, NULL, NULL),
(90, 'Programming Doodle Eat Sleep Code - Polycarbonate', 'c3d81.jpg', 'c3d82.jpg', 'c3d8.jpg', '2c3d8.jpg', '3c3d8.jpg', '4c3d8.jpg', 0, 4, '2', NULL, 99000, 76000, NULL, NULL, NULL),
(91, 'Programming Doodle IT - High Grade Blackmatte', 'cb11.jpg', 'cb12.jpg', 'cb1.jpg', '2cb1.jpg', '3cb1.jpg', '4cb1.jpg', 0, 5, '2', NULL, 109000, 88000, NULL, NULL, NULL),
(92, 'Programming Doodle Eat Sleep Code - High Grade Blackmatte', 'cb21.jpg', 'cb22.jpg', 'cb2.jpg', '2cb2.jpg', '3cb2.jpg', '4cb2.jpg', 0, 5, '2', NULL, 109000, 88000, NULL, NULL, NULL),
(93, 'Programming My Bug My Adventure - High Grade Blackmatte', 'cb31.jpg', 'cb32.jpg', 'cb3.jpg', '2cb3.jpg', '3cb3.jpg', '4cb3.jpg', 0, 5, '2', NULL, 109000, 88000, NULL, NULL, NULL),
(94, 'Tipografi makan Tidur Ngoding - High Grade Blackmatte', 'cb41.jpg', 'cb42.jpg', 'cb4.jpg', '2cb4.jpg', '3cb4.jpg', '4cb4.jpg', 0, 5, '2', NULL, 109000, 88000, NULL, NULL, NULL),
(95, 'Programmer Capex Ngoding - High Grade Blackmatte', 'cb51.jpg', 'cb52.jpg', 'cb5.jpg', '2cb5.jpg', '3cb5.jpg', '4cb5.jpg', 0, 5, '2\n', NULL, 109000, 88000, NULL, NULL, NULL),
(96, 'Programming Doodle Android - High Grade Blackmatte', 'cb61.jpg', 'cb62.jpg', 'cb6.jpg', '2cb6.jpg', '3cb6.jpg', '4cb6.jpg', 0, 5, '2', NULL, 109000, 88000, NULL, NULL, NULL),
(97, 'Programming Non Stop - High Grade Blackmatte', 'cb71.jpg', 'cb72.jpg', 'cb7.jpg', '2cb7.jpg', '3cb7.jpg', '4cb7.jpg', 0, 5, '2', NULL, 109000, 88000, NULL, NULL, NULL),
(98, 'Tipografi Coders Series - High Grade Blackmatte', 'cb81.jpg', 'cb82.jpg', 'cb8.jpg', '2cb8.jpg', '3cb8.jpg', '4cb8.jpg', 0, 5, '2', NULL, 109000, 95000, NULL, NULL, NULL);

-- --------------------------------------------------------

--
-- Table structure for table `produk2`
--

CREATE TABLE `produk2` (
  `id_produk` int(255) NOT NULL,
  `nama_produk` varchar(255) NOT NULL,
  `gambar_list1` varchar(255) NOT NULL,
  `gambar_list2` varchar(255) NOT NULL,
  `gambar_produk` varchar(255) NOT NULL,
  `gambar_produk2` varchar(255) NOT NULL,
  `gambar_produk3` varchar(255) NOT NULL,
  `gambar_produk4` varchar(255) NOT NULL,
  `sablon_produk_id` int(255) NOT NULL,
  `jenis_produk_id` varchar(255) NOT NULL,
  `kategori_id` varchar(255) NOT NULL,
  `harga_produk1` int(255) DEFAULT NULL,
  `harga_produk2` int(255) NOT NULL,
  `diskon` varchar(255) DEFAULT NULL,
  `terlaris` varchar(255) DEFAULT NULL,
  `jumlah_penjualan` int(255) DEFAULT NULL
) ENGINE=InnoDB DEFAULT CHARSET=utf8mb4;

-- --------------------------------------------------------

--
-- Table structure for table `produk_terlaris`
--

CREATE TABLE `produk_terlaris` (
  `id` int(50) NOT NULL,
  `produk_id` varchar(50) NOT NULL
) ENGINE=InnoDB DEFAULT CHARSET=utf8mb4;

--
-- Dumping data for table `produk_terlaris`
--

INSERT INTO `produk_terlaris` (`id`, `produk_id`) VALUES
(1, '1'),
(3, '2'),
(4, '56'),
(5, '91'),
(6, '15'),
(7, '39');

-- --------------------------------------------------------

--
-- Table structure for table `provinces`
--

CREATE TABLE `provinces` (
  `id` int(50) NOT NULL,
  `province_id` varchar(50) NOT NULL,
  `nama_provinsi` varchar(50) NOT NULL,
  `created_at` timestamp(6) NULL DEFAULT NULL,
  `updated_at` timestamp(6) NULL DEFAULT NULL
) ENGINE=InnoDB DEFAULT CHARSET=utf8mb4;

--
-- Dumping data for table `provinces`
--

INSERT INTO `provinces` (`id`, `province_id`, `nama_provinsi`, `created_at`, `updated_at`) VALUES
(1, '1', 'Bali', '2021-09-08 02:14:10.000000', '2021-09-08 02:14:10.000000'),
(2, '2', 'Bangka Belitung', '2021-09-08 02:14:12.000000', '2021-09-08 02:14:12.000000'),
(3, '3', 'Banten', '2021-09-08 02:14:13.000000', '2021-09-08 02:14:13.000000'),
(4, '4', 'Bengkulu', '2021-09-08 02:14:14.000000', '2021-09-08 02:14:14.000000'),
(5, '5', 'DI Yogyakarta', '2021-09-08 02:14:15.000000', '2021-09-08 02:14:15.000000'),
(6, '6', 'DKI Jakarta', '2021-09-08 02:14:17.000000', '2021-09-08 02:14:17.000000'),
(7, '7', 'Gorontalo', '2021-09-08 02:14:18.000000', '2021-09-08 02:14:18.000000'),
(8, '8', 'Jambi', '2021-09-08 02:14:19.000000', '2021-09-08 02:14:19.000000'),
(9, '9', 'Jawa Barat', '2021-09-08 02:14:20.000000', '2021-09-08 02:14:20.000000'),
(10, '10', 'Jawa Tengah', '2021-09-08 02:14:22.000000', '2021-09-08 02:14:22.000000'),
(11, '11', 'Jawa Timur', '2021-09-08 02:14:23.000000', '2021-09-08 02:14:23.000000'),
(12, '12', 'Kalimantan Barat', '2021-09-08 02:14:24.000000', '2021-09-08 02:14:24.000000'),
(13, '13', 'Kalimantan Selatan', '2021-09-08 02:14:25.000000', '2021-09-08 02:14:25.000000'),
(14, '14', 'Kalimantan Tengah', '2021-09-08 02:14:27.000000', '2021-09-08 02:14:27.000000'),
(15, '15', 'Kalimantan Timur', '2021-09-08 02:14:28.000000', '2021-09-08 02:14:28.000000'),
(16, '16', 'Kalimantan Utara', '2021-09-08 02:14:29.000000', '2021-09-08 02:14:29.000000'),
(17, '17', 'Kepulauan Riau', '2021-09-08 02:14:30.000000', '2021-09-08 02:14:30.000000'),
(18, '18', 'Lampung', '2021-09-08 02:14:32.000000', '2021-09-08 02:14:32.000000'),
(19, '19', 'Maluku', '2021-09-08 02:14:33.000000', '2021-09-08 02:14:33.000000'),
(20, '20', 'Maluku Utara', '2021-09-08 02:14:34.000000', '2021-09-08 02:14:34.000000'),
(21, '21', 'Nanggroe Aceh Darussalam (NAD)', '2021-09-08 02:14:35.000000', '2021-09-08 02:14:35.000000'),
(22, '22', 'Nusa Tenggara Barat (NTB)', '2021-09-08 02:14:36.000000', '2021-09-08 02:14:36.000000'),
(23, '23', 'Nusa Tenggara Timur (NTT)', '2021-09-08 02:14:38.000000', '2021-09-08 02:14:38.000000'),
(24, '24', 'Papua', '2021-09-08 02:14:39.000000', '2021-09-08 02:14:39.000000'),
(25, '25', 'Papua Barat', '2021-09-08 02:14:40.000000', '2021-09-08 02:14:40.000000'),
(26, '26', 'Riau', '2021-09-08 02:14:41.000000', '2021-09-08 02:14:41.000000'),
(27, '27', 'Sulawesi Barat', '2021-09-08 02:14:43.000000', '2021-09-08 02:14:43.000000'),
(28, '28', 'Sulawesi Selatan', '2021-09-08 02:14:44.000000', '2021-09-08 02:14:44.000000'),
(29, '29', 'Sulawesi Tengah', '2021-09-08 02:14:45.000000', '2021-09-08 02:14:45.000000'),
(30, '30', 'Sulawesi Tenggara', '2021-09-08 02:14:46.000000', '2021-09-08 02:14:46.000000'),
(31, '31', 'Sulawesi Utara', '2021-09-08 02:14:47.000000', '2021-09-08 02:14:47.000000'),
(32, '32', 'Sumatera Barat', '2021-09-08 02:14:49.000000', '2021-09-08 02:14:49.000000'),
(33, '33', 'Sumatera Selatan', '2021-09-08 02:14:50.000000', '2021-09-08 02:14:50.000000'),
(34, '34', 'Sumatera Utara', '2021-09-08 02:14:51.000000', '2021-09-08 02:14:51.000000');

-- --------------------------------------------------------

--
-- Table structure for table `stok_ukuran`
--

CREATE TABLE `stok_ukuran` (
  `id_stok` int(50) NOT NULL,
  `produk_id` varchar(50) NOT NULL,
  `ukuran_id` varchar(50) NOT NULL,
  `jumlah_stok` int(50) NOT NULL
) ENGINE=InnoDB DEFAULT CHARSET=utf8mb4;

--
-- Dumping data for table `stok_ukuran`
--

INSERT INTO `stok_ukuran` (`id_stok`, `produk_id`, `ukuran_id`, `jumlah_stok`) VALUES
(1, '1', '1', 44),
(2, '1', '2', 147),
(3, '1', '3', 261),
(4, '1', '4', 70),
(5, '1', '5', 58),
(6, '1', '6', 45),
(7, '1', '7', 14),
(8, '2', '1', 83),
(9, '2', '2', 445),
(10, '2', '3', 491),
(11, '2', '4', 252),
(12, '2', '5', 60),
(13, '2', '6', 60),
(14, '2', '7', 31),
(15, '3', '1', 85),
(16, '3', '2', 465),
(17, '3', '3', 491),
(18, '3', '4', 254),
(19, '3', '5', 60),
(20, '3', '6', 60),
(21, '3', '7', 31),
(22, '4', '1', 11),
(23, '4', '2', 25),
(24, '4', '3', 17),
(25, '4', '4', 16),
(26, '4', '5', 20),
(27, '4', '6', 3),
(28, '4', '7', 0),
(29, '5', '1', 85),
(30, '5', '2', 465),
(31, '5', '3', 491),
(32, '5', '4', 254),
(33, '5', '5', 60),
(34, '5', '6', 60),
(35, '5', '7', 31),
(36, '6', '1', 44),
(37, '6', '2', 150),
(38, '6', '3', 260),
(39, '6', '4', 71),
(40, '6', '5', 58),
(41, '6', '7', 14),
(42, '6', '6', 45),
(43, '20', '1', 44),
(44, '20', '2', 152),
(45, '20', '3', 262),
(46, '20', '4', 71),
(47, '20', '5', 58),
(48, '20', '6', 45),
(49, '20', '7', 14),
(50, '21', '1', 44),
(51, '21', '2', 152),
(52, '21', '3', 262),
(53, '21', '4', 71),
(54, '21', '5', 58),
(55, '21', '6', 45),
(56, '21', '7', 14),
(57, '9', '1', 85),
(58, '9', '2', 465),
(59, '9', '3', 491),
(60, '9', '4', 254),
(61, '9', '5', 60),
(62, '9', '6', 60),
(63, '9', '7', 31),
(64, '10', '1', 44),
(65, '10', '2', 152),
(66, '10', '3', 262),
(67, '10', '4', 71),
(68, '10', '5', 58),
(69, '10', '6', 45),
(70, '10', '7', 14),
(71, '11', '1', 85),
(72, '11', '2', 465),
(73, '11', '3', 490),
(74, '11', '4', 253),
(75, '11', '5', 59),
(76, '11', '6', 60),
(77, '11', '7', 31),
(78, '12', '1', 19),
(79, '12', '2', 16),
(80, '12', '3', 24),
(81, '12', '4', 14),
(82, '12', '5', 26),
(83, '12', '6', 13),
(84, '12', '7', 0),
(85, '13', '1', 85),
(86, '13', '2', 465),
(87, '13', '3', 491),
(88, '13', '4', 254),
(89, '13', '5', 60),
(90, '13', '6', 60),
(91, '13', '7', 31),
(92, '14', '1', 44),
(93, '14', '2', 152),
(94, '14', '3', 262),
(95, '14', '4', 71),
(96, '14', '5', 58),
(97, '14', '6', 45),
(98, '14', '7', 14),
(99, '15', '1', 85),
(100, '15', '2', 465),
(101, '15', '3', 491),
(102, '15', '4', 254),
(103, '15', '5', 60),
(104, '15', '6', 60),
(105, '15', '7', 31),
(106, '16', '1', 11),
(107, '16', '2', 26),
(108, '16', '3', 17),
(109, '16', '4', 16),
(110, '16', '5', 20),
(111, '16', '6', 3),
(112, '16', '7', 0),
(113, '17', '1', 85),
(114, '17', '2', 465),
(115, '17', '3', 491),
(116, '17', '4', 254),
(117, '17', '5', 60),
(118, '17', '6', 60),
(119, '17', '7', 31),
(120, '18', '1', 44),
(121, '18', '2', 152),
(122, '18', '3', 262),
(123, '18', '4', 71),
(124, '18', '5', 58),
(125, '18', '6', 45),
(126, '18', '7', 14),
(127, '19', '1', 44),
(128, '19', '2', 152),
(129, '19', '3', 262),
(130, '19', '4', 71),
(131, '19', '5', 58),
(132, '19', '6', 45),
(133, '19', '7', 14),
(134, '22', '1', 44),
(135, '22', '2', 152),
(136, '22', '3', 262),
(137, '22', '4', 71),
(138, '22', '5', 58),
(139, '22', '6', 45),
(140, '22', '7', 14),
(141, '23', '1', 44),
(142, '23', '2', 152),
(143, '23', '3', 262),
(144, '23', '4', 71),
(145, '23', '5', 58),
(146, '23', '6', 45),
(147, '23', '7', 14),
(148, '24', '1', 44),
(149, '24', '2', 152),
(150, '24', '3', 262),
(151, '24', '4', 71),
(152, '24', '5', 58),
(153, '24', '6', 45),
(154, '24', '7', 14),
(155, '25', '1', 85),
(156, '25', '2', 465),
(157, '25', '3', 491),
(158, '25', '4', 254),
(159, '25', '5', 60),
(160, '25', '6', 60),
(161, '25', '7', 31),
(162, '26', '1', 44),
(163, '26', '2', 152),
(164, '26', '3', 262),
(165, '26', '4', 71),
(166, '26', '5', 58),
(167, '26', '6', 45),
(168, '26', '7', 14),
(169, '27', '1', 11),
(170, '27', '2', 26),
(171, '27', '3', 17),
(172, '27', '4', 16),
(173, '27', '5', 20),
(174, '27', '6', 3),
(175, '27', '7', 0),
(176, '28', '1', 85),
(177, '28', '2', 465),
(178, '28', '3', 491),
(179, '28', '4', 254),
(180, '28', '5', 60),
(181, '28', '6', 60),
(182, '28', '7', 31),
(183, '29', '1', 44),
(184, '29', '2', 152),
(185, '29', '3', 262),
(186, '29', '4', 71),
(187, '29', '5', 58),
(188, '29', '6', 45),
(189, '29', '7', 14),
(190, '30', '1', 85),
(191, '30', '2', 465),
(192, '30', '3', 491),
(193, '30', '4', 254),
(194, '30', '5', 60),
(195, '30', '6', 60),
(196, '30', '7', 31),
(197, '31', '1', 44),
(198, '31', '2', 152),
(199, '31', '3', 262),
(200, '31', '4', 71),
(201, '31', '5', 58),
(202, '31', '6', 45),
(203, '31', '7', 14),
(204, '32', '1', 85),
(205, '32', '2', 465),
(206, '32', '3', 491),
(207, '32', '4', 254),
(208, '32', '5', 60),
(209, '32', '6', 60),
(210, '32', '7', 31),
(211, '33', '1', 44),
(212, '33', '2', 152),
(213, '33', '3', 262),
(214, '33', '4', 71),
(215, '33', '5', 58),
(216, '33', '6', 45),
(217, '33', '7', 14),
(218, '34', '1', 11),
(219, '34', '2', 26),
(220, '34', '3', 17),
(221, '34', '4', 16),
(222, '34', '5', 20),
(223, '34', '6', 3),
(224, '34', '7', 0),
(225, '35', '1', 11),
(226, '35', '2', 26),
(227, '35', '3', 17),
(228, '35', '4', 16),
(229, '35', '5', 20),
(230, '35', '6', 3),
(231, '35', '7', 0),
(232, '36', '1', 85),
(233, '36', '2', 465),
(234, '36', '3', 491),
(235, '36', '4', 254),
(236, '36', '5', 59),
(237, '36', '6', 60),
(238, '36', '7', 31),
(239, '37', '1', 44),
(240, '37', '2', 152),
(241, '37', '3', 262),
(242, '37', '4', 71),
(243, '37', '5', 58),
(244, '37', '6', 45),
(245, '37', '7', 14),
(246, '38', '1', 41),
(247, '38', '2', 21),
(248, '38', '3', 106),
(249, '38', '4', 62),
(250, '38', '5', 91),
(251, '38', '6', 0),
(252, '38', '7', 0),
(253, '39', '1', 10),
(254, '39', '2', 6),
(255, '39', '3', 35),
(256, '39', '4', 46),
(257, '39', '5', 11),
(258, '39', '6', 0),
(259, '39', '7', 0),
(260, '40', '1', 42),
(261, '40', '2', 20),
(262, '40', '3', 107),
(263, '40', '4', 62),
(264, '40', '5', 91),
(265, '40', '6', 0),
(266, '40', '7', 0),
(267, '41', '1', 2),
(268, '41', '2', 15),
(269, '41', '3', 19),
(270, '41', '4', 13),
(271, '41', '5', 23),
(272, '41', '6', 0),
(273, '41', '7', 0),
(274, '42', '1', 10),
(275, '42', '2', 6),
(276, '42', '3', 35),
(277, '42', '4', 46),
(278, '42', '5', 11),
(279, '42', '6', 0),
(280, '42', '7', 0),
(281, '43', '1', 42),
(282, '43', '2', 21),
(283, '43', '3', 107),
(284, '43', '4', 62),
(285, '43', '5', 91),
(286, '43', '6', 0),
(287, '43', '7', 0),
(288, '44', '1', 42),
(289, '44', '2', 21),
(290, '44', '3', 107),
(291, '44', '4', 62),
(292, '44', '5', 91),
(293, '44', '6', 0),
(294, '44', '7', 0),
(295, '45', '1', 42),
(296, '45', '2', 21),
(297, '45', '3', 107),
(298, '45', '4', 62),
(299, '45', '5', 91),
(300, '45', '6', 0),
(301, '45', '7', 0),
(302, '46', '1', 42),
(303, '46', '2', 21),
(304, '46', '3', 107),
(305, '46', '4', 62),
(306, '46', '5', 91),
(307, '46', '6', 0),
(308, '46', '7', 0),
(309, '47', '1', 10),
(310, '47', '2', 6),
(311, '47', '3', 35),
(312, '47', '4', 46),
(313, '47', '5', 11),
(314, '47', '6', 0),
(315, '47', '7', 0),
(316, '48', '1', 42),
(317, '48', '2', 21),
(318, '48', '3', 107),
(319, '48', '4', 62),
(320, '48', '5', 91),
(321, '48', '6', 0),
(322, '48', '7', 0),
(323, '49', '1', 42),
(324, '49', '2', 21),
(325, '49', '3', 107),
(326, '49', '4', 62),
(327, '49', '5', 91),
(328, '49', '6', 0),
(329, '49', '7', 0),
(330, '50', '1', 42),
(331, '50', '2', 21),
(332, '50', '3', 107),
(333, '50', '4', 62),
(334, '50', '5', 91),
(335, '50', '6', 0),
(336, '50', '7', 0),
(337, '51', '1', 42),
(338, '51', '2', 21),
(339, '51', '3', 107),
(340, '51', '4', 62),
(341, '51', '5', 91),
(342, '51', '6', 0),
(343, '51', '7', 0),
(344, '52', '1', 42),
(345, '52', '2', 21),
(346, '52', '3', 107),
(347, '52', '4', 62),
(348, '52', '5', 91),
(349, '52', '6', 0),
(350, '52', '7', 0),
(351, '53', '1', 42),
(352, '53', '2', 21),
(353, '53', '3', 107),
(354, '53', '4', 62),
(355, '53', '5', 91),
(356, '53', '6', 0),
(357, '53', '7', 0),
(358, '54', '1', 42),
(359, '54', '2', 21),
(360, '54', '3', 107),
(361, '54', '4', 62),
(362, '54', '5', 91),
(363, '54', '6', 0),
(364, '54', '7', 0),
(365, '55', '1', 10),
(366, '55', '2', 6),
(367, '55', '3', 35),
(368, '55', '4', 46),
(369, '55', '5', 11),
(370, '55', '6', 0),
(371, '55', '7', 0),
(372, '56', '1', 42),
(373, '56', '2', 21),
(374, '56', '3', 107),
(375, '56', '4', 62),
(376, '56', '5', 91),
(377, '56', '6', 0),
(378, '56', '7', 0),
(379, '57', '1', 4),
(380, '57', '2', 29),
(381, '57', '3', 33),
(382, '57', '4', 18),
(383, '57', '5', 13),
(384, '57', '6', 0),
(385, '57', '7', 0),
(386, '58', '1', 2),
(387, '58', '2', 15),
(388, '58', '3', 19),
(389, '58', '4', 13),
(390, '58', '5', 23),
(391, '58', '6', 0),
(392, '58', '7', 0),
(393, '59', '1', 42),
(394, '59', '2', 21),
(395, '59', '3', 107),
(396, '59', '4', 62),
(397, '59', '5', 91),
(398, '59', '6', 0),
(399, '59', '7', 0),
(400, '60', '1', 4),
(401, '60', '2', 29),
(402, '60', '3', 33),
(403, '60', '4', 18),
(404, '60', '5', 13),
(405, '60', '6', 0),
(406, '60', '7', 0),
(407, '61', '1', 4),
(408, '61', '2', 29),
(409, '61', '3', 33),
(410, '61', '4', 18),
(411, '61', '5', 13),
(412, '61', '6', 0),
(413, '61', '7', 0),
(414, '62', '1', 23),
(415, '62', '2', 43),
(416, '62', '3', 58),
(417, '62', '4', 144),
(418, '62', '5', 107),
(419, '62', '6', 0),
(420, '62', '7', 0),
(421, '63', '1', 0),
(422, '63', '2', 0),
(423, '63', '3', 0),
(424, '63', '4', 0),
(425, '63', '5', 0),
(426, '63', '6', 0),
(427, '63', '7', 0),
(428, '64', '1', 22),
(429, '64', '2', 43),
(430, '64', '3', 58),
(431, '64', '4', 144),
(432, '64', '5', 107),
(433, '64', '6', 0),
(434, '64', '7', 0),
(435, '65', '1', 22),
(436, '65', '2', 21),
(437, '65', '3', 48),
(438, '65', '4', 40),
(439, '65', '5', 53),
(440, '65', '6', 0),
(441, '65', '7', 0),
(442, '66', '1', 23),
(443, '66', '2', 43),
(444, '66', '3', 58),
(445, '66', '4', 144),
(446, '66', '5', 107),
(447, '66', '6', 0),
(448, '66', '7', 0),
(449, '67', '1', 23),
(450, '67', '2', 43),
(451, '67', '3', 58),
(452, '67', '4', 144),
(453, '67', '5', 107),
(454, '67', '6', 0),
(455, '67', '7', 0),
(456, '68', '1', 23),
(457, '68', '2', 43),
(458, '68', '3', 58),
(459, '68', '4', 144),
(460, '68', '5', 107),
(461, '68', '6', 0),
(462, '68', '7', 0),
(463, '69', '1', 23),
(464, '69', '2', 43),
(465, '69', '3', 58),
(466, '69', '4', 144),
(467, '69', '5', 107),
(468, '69', '6', 0),
(469, '69', '7', 0),
(470, '70', '1', 23),
(471, '70', '2', 43),
(472, '70', '3', 58),
(473, '70', '4', 144),
(474, '70', '5', 107),
(475, '70', '6', 0),
(476, '70', '7', 0),
(477, '71', '1', 22),
(478, '71', '2', 43),
(479, '71', '3', 58),
(480, '71', '4', 144),
(481, '71', '5', 107),
(482, '71', '6', 0),
(483, '71', '7', 0),
(484, '72', '1', 23),
(485, '72', '2', 43),
(486, '72', '3', 58),
(487, '72', '4', 144),
(488, '72', '5', 107),
(489, '72', '6', 0),
(490, '72', '7', 0),
(491, '73', '1', 23),
(492, '73', '2', 43),
(493, '73', '3', 58),
(494, '73', '4', 144),
(495, '73', '5', 107),
(496, '73', '6', 0),
(497, '73', '7', 0),
(498, '74', '1', 23),
(499, '74', '2', 43),
(500, '74', '3', 58),
(501, '74', '4', 144),
(502, '74', '5', 107),
(503, '74', '6', 0),
(504, '74', '7', 0),
(505, '75', '1', 23),
(506, '75', '2', 43),
(507, '75', '3', 58),
(508, '75', '4', 144),
(509, '75', '5', 107),
(510, '75', '6', 0),
(511, '75', '7', 0),
(512, '76', '1', 22),
(513, '76', '2', 43),
(514, '76', '3', 58),
(515, '76', '4', 144),
(516, '76', '5', 107),
(517, '76', '6', 0),
(518, '76', '7', 0),
(519, '77', '1', 23),
(520, '77', '2', 43),
(521, '77', '3', 58),
(522, '77', '4', 144),
(523, '77', '5', 107),
(524, '77', '6', 0),
(525, '77', '7', 0),
(526, '78', '1', 22),
(527, '78', '2', 21),
(528, '78', '3', 48),
(529, '78', '4', 40),
(530, '78', '5', 53),
(531, '78', '6', 0),
(532, '78', '7', 0),
(533, '79', '1', 22),
(534, '79', '2', 21),
(535, '79', '3', 48),
(536, '79', '4', 40),
(537, '79', '5', 53),
(538, '79', '6', 0),
(539, '79', '7', 0),
(540, '80', '1', 23),
(541, '80', '2', 43),
(542, '80', '3', 58),
(543, '80', '4', 144),
(544, '80', '5', 107),
(545, '80', '6', 0),
(546, '80', '7', 0),
(547, '81', '1', 0),
(548, '81', '2', 0),
(549, '81', '3', 0),
(550, '81', '4', 0),
(551, '81', '5', 0),
(552, '81', '6', 0),
(553, '81', '7', 0),
(554, '82', '1', 0),
(555, '82', '2', 0),
(556, '82', '3', 0),
(557, '82', '4', 0),
(558, '82', '5', 0),
(559, '82', '6', 0),
(560, '82', '7', 0),
(561, '83', '1', 0),
(562, '83', '2', 0),
(563, '83', '3', 0),
(564, '83', '4', 0),
(565, '83', '5', 0),
(566, '83', '6', 0),
(567, '83', '7', 0),
(568, '84', '1', 0),
(569, '84', '2', 0),
(570, '84', '3', 0),
(571, '84', '4', 0),
(572, '84', '5', 0),
(573, '84', '6', 0),
(574, '84', '7', 0),
(575, '85', '1', 0),
(576, '85', '2', 0),
(577, '85', '3', 0),
(578, '85', '4', 0),
(579, '85', '5', 0),
(580, '85', '6', 0),
(581, '85', '7', 0),
(582, '86', '1', 0),
(583, '86', '2', 0),
(584, '86', '3', 0),
(585, '86', '4', 0),
(586, '86', '5', 0),
(587, '86', '6', 0),
(588, '86', '7', 0),
(589, '87', '1', 0),
(590, '87', '2', 0),
(591, '87', '3', 0),
(592, '87', '4', 0),
(593, '87', '5', 0),
(594, '87', '6', 0),
(595, '87', '7', 0),
(596, '88', '1', 0),
(597, '88', '2', 0),
(598, '88', '3', 0),
(599, '88', '4', 0),
(600, '88', '5', 0),
(601, '88', '6', 0),
(602, '88', '7', 0),
(603, '89', '1', 0),
(604, '89', '2', 0),
(605, '89', '3', 0),
(606, '89', '4', 0),
(607, '89', '5', 0),
(608, '89', '6', 0),
(609, '89', '7', 0),
(610, '90', '1', 0),
(611, '90', '2', 0),
(612, '90', '3', 0),
(613, '90', '4', 0),
(614, '90', '5', 0),
(615, '90', '6', 0),
(616, '90', '7', 0),
(617, '91', '1', 0),
(618, '91', '2', 0),
(619, '91', '3', 0),
(620, '91', '4', 0),
(621, '91', '5', 0),
(622, '91', '6', 0),
(623, '91', '7', 0),
(624, '92', '1', 0),
(625, '92', '2', 0),
(626, '92', '3', 0),
(627, '92', '4', 0),
(628, '92', '5', 0),
(629, '92', '6', 0),
(630, '92', '7', 0),
(631, '93', '1', 0),
(632, '93', '2', 0),
(633, '93', '3', 0),
(634, '93', '4', 0),
(635, '93', '5', 0),
(636, '93', '6', 0),
(637, '93', '7', 0),
(638, '94', '1', 0),
(639, '94', '2', 0),
(640, '94', '3', 0),
(641, '94', '4', 0),
(642, '94', '5', 0),
(643, '94', '6', 0),
(644, '94', '7', 0),
(645, '95', '1', 0),
(646, '95', '2', 0),
(647, '95', '3', 0),
(648, '95', '4', 0),
(649, '95', '5', 0),
(650, '95', '6', 0),
(651, '95', '7', 0),
(652, '96', '1', 0),
(653, '96', '2', 0),
(654, '96', '3', 0),
(655, '96', '4', 0),
(656, '96', '5', 0),
(657, '96', '6', 0),
(658, '96', '7', 0),
(659, '97', '1', 0),
(660, '97', '2', 0),
(661, '97', '3', 0),
(662, '97', '4', 0),
(663, '97', '5', 0),
(664, '97', '6', 0),
(665, '97', '7', 0),
(666, '98', '1', 0),
(667, '98', '2', 0),
(668, '98', '3', 0),
(669, '98', '4', 0),
(670, '98', '5', 0),
(671, '98', '6', 0),
(672, '98', '7', 0);

-- --------------------------------------------------------

--
-- Table structure for table `testi`
--

CREATE TABLE `testi` (
  `id` int(50) NOT NULL,
  `customer` varchar(50) NOT NULL,
  `asal_cust` varchar(50) NOT NULL,
  `jenis_produk_id` varchar(50) NOT NULL,
  `produk_id` varchar(50) DEFAULT NULL,
  `testi` varchar(1000) NOT NULL,
  `transaksi_id` varchar(50) DEFAULT NULL,
  `gambar` varchar(1000) DEFAULT NULL,
  `created_at` timestamp(6) NULL DEFAULT NULL,
  `updated_at` timestamp(6) NULL DEFAULT NULL
) ENGINE=InnoDB DEFAULT CHARSET=utf8mb4;

--
-- Dumping data for table `testi`
--

INSERT INTO `testi` (`id`, `customer`, `asal_cust`, `jenis_produk_id`, `produk_id`, `testi`, `transaksi_id`, `gambar`, `created_at`, `updated_at`) VALUES
(1, 'Ariny', 'Depok', '1', '18', 'Paketnya udah sampe, asli bagus banget bahan, sablon, dll. ', NULL, '1.jpeg', NULL, NULL),
(2, 'Aditya', 'Kotawaringin Barat', '5', '91', 'Alhamdulillah kak perfect, terimakasih banyak kak', NULL, '2.jpeg', NULL, NULL),
(3, 'Renita', 'Jakarta Barat', '1', '2', 'Halo kak, baju aku sudah sampai, terimakasih. Bahannya bagus banget', NULL, '3.jpeg', NULL, NULL),
(4, 'Elson', 'Medan', '6', NULL, 'Dari segi design, quality bagus min', NULL, '4.jpeg', NULL, NULL),
(5, 'Chairul', 'Bogor', '1', '2', 'Mantap kak kece bat, serasa ga pengen ganti baju lagi', NULL, '5.jpg', NULL, NULL),
(6, 'Muslim', 'Bekasi', '1', '15', 'Bagus, aman, dan nyaman', NULL, '6.jpeg', NULL, NULL),
(7, 'Fahreza', 'Jakarta Selatan', '1', '36', 'Sangat memuaskan, goodjob, cool', NULL, '7.jpeg', NULL, NULL),
(8, 'Usama', 'Jakarta Selasan', '1', '25', 'Packing nya boleh juga nih cakepp', NULL, '8.jpeg', NULL, NULL),
(9, 'Zaenal', 'Bekasi', '1', '2', 'Bagus si..bahan halus, sablon tebal', NULL, '9.jpeg', NULL, NULL),
(10, 'Haziz', 'Jakarta Barat', '1', NULL, 'Makasih kak, Bagus kak bahannya. Sering saya pake bajunya, limited edition', NULL, '10.jpeg', NULL, NULL),
(11, 'Rahmat', 'Bombana', '1', '4', 'Mantaplah pokoknya. Produknya awet dan bagus', NULL, '11.jpeg', NULL, NULL),
(12, 'Hamdan', 'Samarinda', '2', NULL, 'Thanks Jalour untuk keramahan dan kesabarannya', NULL, '12.jpeg', NULL, NULL),
(13, 'Dave', 'Tangerang', '5', '91', 'Quality high grade nya ORI, enak di tangan, pas juga tombol2 sama portnya', NULL, '13.jpeg', NULL, NULL),
(14, 'Recky', 'Bekasi', '2', NULL, 'Sip ngepas min, bahan nya juga cukup adem', NULL, '14.jpeg', NULL, NULL),
(15, 'Khairul', 'Batubara', '1', NULL, 'Sesuai request kak, kain nya bagus, adem dipakai, sablon juga rapi', NULL, '15.jpeg', NULL, NULL),
(16, 'Irsyad', 'Tuban', '2', NULL, 'Alhamdulillah sudah sampai kak hoodienya bagus tidak mengecewakan', NULL, '16.jpeg', NULL, NULL),
(17, 'Azickri', 'Cianjur', '2', '56', 'Keseluruhan produknya mantap..bahannya juga enak ngga gatel', NULL, '17.jpeg', NULL, NULL),
(18, 'Azickry', 'Cianjur', '2', NULL, 'Jaket ke 2 nya udah dateng.. mantap', NULL, '18.jpeg', NULL, NULL),
(19, 'Ajie', 'Bekasi', '1', NULL, 'Bahan dan sablonnya bagus sesuai request desaign, packagingnya juga profesional', NULL, '19.jpeg', NULL, NULL),
(20, 'Alyaaa', 'Palopo', '1', '17', 'Paketnya sudah sampai kak kainnya bagus banget', NULL, '20.jpeg', NULL, NULL),
(21, 'Ahmad', 'Denpasar', '1', '24', 'Nyaman adem bajunya. Kualitas mantap pokoknya', NULL, '21.jpeg', NULL, NULL),
(22, 'Singgih', 'Jakarta Barat', '1', '1', 'Sudah saya pakai kak, mantappp', NULL, '22.jpeg', NULL, NULL),
(23, 'Rois', 'Jakarta Selasan', '2', NULL, 'Bahannya bagus kak, bakal awet lama kayaknya', NULL, '23.jpeg', NULL, NULL),
(24, 'Akhyafajar', 'Jakarta Selatan', '1', '2', 'Barang sesuai, tidak mengecewakan. fast respon, dan kurir cepat. Terimakasih kak', NULL, '24.jpeg', NULL, NULL),
(25, 'Atanasius', 'Pondok Aren', '1', '2', 'Bahannya adem, penjual fast respon\r\n', NULL, '25.jpeg', NULL, NULL),
(26, 'Parman', 'Jakarta Selatan', '1', '4', 'Kaosnya lembut bahannya, tebel juga. Terimakasih seller', NULL, '26.jpeg', NULL, NULL),
(27, 'Regina', 'Bandung', '1', '2', 'Makasih kaosnya bagus bangett, next time mau order lagi', NULL, '27.jpeg', NULL, NULL),
(28, 'Naufal', 'Tangerang Selatan', '1', '2', 'Baru pertama kali pesan dan sangat puas', NULL, '28.jpeg', NULL, NULL),
(29, 'Dwi', 'Tangerang', '1', '29', 'Puas banget, admin ramah parah, packagingnya keren, keren si pokoknnya', NULL, '29.jpeg', NULL, NULL),
(30, 'Angga', 'Jakarta Timur', '1', NULL, 'Keren, bahan adem n kualitas n bagus', NULL, '30.jpeg', NULL, NULL),
(31, 'Haryadi', 'Jakarta Selatan', '1', '2', 'Suka banget sama bajunya, pas banget dipakai. Pokoknya dee best deh', NULL, '31.jpeg', NULL, NULL),
(32, 'Sani', 'Garut', '1', NULL, 'Awalnya sih gak percaya sama produk, pas coba eh ternyata bagus, pengen beli lagi disini.', NULL, '32.jpeg', NULL, NULL),
(33, 'Hanafie', 'Bogor', '1', '26', 'Barangnya mantap pokok nya rekomended banget buat nambah lebih pede', NULL, '33.jpeg', NULL, NULL),
(34, 'Rahmat', 'Serang', '1', '2', 'Alhamdulillah bagus kak lumayan', NULL, NULL, NULL, NULL),
(35, 'Christopher', 'Jakarta Pusat', '2', '38', 'Makasihh ka', NULL, '35.jpeg', NULL, NULL),
(36, 'Haryadi', 'Jakarta Selatan', '1', '35', 'Suka banget sama bajunya, pas banget dipakai. Pokoknya dee best deh', NULL, '31.jpeg', NULL, NULL),
(37, 'Ardi Tan', 'Surabaya', '2', '56', 'Hasilnya oke sih', NULL, '37.jpeg', NULL, NULL),
(38, 'Pije', 'Bandung', '1', '2', 'So far not bad la', NULL, '38.jpeg\r\n', NULL, NULL),
(39, 'Jaya', 'Surabaya', '1', '14', 'Bagus kak, dari segi desain dan juga kain', NULL, NULL, NULL, NULL),
(40, 'Usama', 'Jakarta Selatan', '1', '18', 'Packing nya boleh juga nih cakepp', NULL, '8.jpeg', NULL, NULL);

-- --------------------------------------------------------

--
-- Table structure for table `transaksi`
--

CREATE TABLE `transaksi` (
  `id` int(255) NOT NULL,
  `kode_transaksi` varchar(50) NOT NULL,
  `destinasi_id` varchar(50) NOT NULL,
  `bukti_pembayaran` varchar(255) DEFAULT NULL,
  `nama_rek_pengirim` varchar(500) DEFAULT NULL,
  `status_transaksi` varchar(255) NOT NULL,
  `no_resi_transaksi` varchar(255) DEFAULT NULL,
  `kurir_id` varchar(50) DEFAULT NULL,
  `paket_kurir` varchar(50) DEFAULT NULL,
  `biaya_ongkir` int(50) DEFAULT NULL,
  `biaya_tambahan` int(255) DEFAULT NULL,
  `biaya_transaksi` int(50) NOT NULL,
  `net_profit` int(255) DEFAULT NULL,
  `catatan_tambahan` varchar(255) DEFAULT NULL,
  `metode_pembayaran` varchar(50) NOT NULL,
  `user_id` varchar(50) DEFAULT NULL,
  `tgl_transaksi` varchar(50) NOT NULL,
  `tgl_jatuh_tempo` varchar(50) NOT NULL,
  `tgl_kirim` varchar(50) DEFAULT NULL,
  `tgl_selesai` varchar(50) DEFAULT NULL,
  `updated_at` timestamp(6) NULL DEFAULT NULL,
  `created_at` timestamp(6) NULL DEFAULT NULL
) ENGINE=InnoDB DEFAULT CHARSET=utf8mb4;

--
-- Dumping data for table `transaksi`
--

INSERT INTO `transaksi` (`id`, `kode_transaksi`, `destinasi_id`, `bukti_pembayaran`, `nama_rek_pengirim`, `status_transaksi`, `no_resi_transaksi`, `kurir_id`, `paket_kurir`, `biaya_ongkir`, `biaya_tambahan`, `biaya_transaksi`, `net_profit`, `catatan_tambahan`, `metode_pembayaran`, `user_id`, `tgl_transaksi`, `tgl_jatuh_tempo`, `tgl_kirim`, `tgl_selesai`, `updated_at`, `created_at`) VALUES
(74, '#TR2174', '66', 'binary-3322478_1280.png', 'cek', 'pesanan selesai', '98098', 'jne', NULL, 27000, 0, 355000, 98000, 'wefe', 'BNI', '18', '2021-10-12 22:05', '2021-10-13 22:05', '2021-10-12 22:09', '2021-10-12 22:09', '2021-10-12 15:09:38.000000', '2021-10-12 15:05:31.000000');

-- --------------------------------------------------------

--
-- Table structure for table `ukuran`
--

CREATE TABLE `ukuran` (
  `id_ukuran` int(255) NOT NULL,
  `nama_ukuran` varchar(255) NOT NULL
) ENGINE=InnoDB DEFAULT CHARSET=utf8mb4;

--
-- Dumping data for table `ukuran`
--

INSERT INTO `ukuran` (`id_ukuran`, `nama_ukuran`) VALUES
(1, 'S'),
(2, 'M'),
(3, 'L'),
(4, 'XL'),
(5, 'XXL'),
(6, 'XXXL'),
(7, 'XXXXL');

-- --------------------------------------------------------

--
-- Table structure for table `users`
--

CREATE TABLE `users` (
  `id` bigint(20) UNSIGNED NOT NULL,
  `name` varchar(255) COLLATE utf8mb4_unicode_ci NOT NULL,
  `role` varchar(255) COLLATE utf8mb4_unicode_ci NOT NULL,
  `email` varchar(255) COLLATE utf8mb4_unicode_ci NOT NULL,
  `google_id` varchar(255) COLLATE utf8mb4_unicode_ci DEFAULT NULL,
  `facebook_id` varchar(50) COLLATE utf8mb4_unicode_ci DEFAULT NULL,
  `email_verified_at` timestamp NULL DEFAULT NULL,
  `password` varchar(255) COLLATE utf8mb4_unicode_ci NOT NULL,
  `remember_token` varchar(100) COLLATE utf8mb4_unicode_ci DEFAULT NULL,
  `gambar` varchar(50) COLLATE utf8mb4_unicode_ci DEFAULT NULL,
  `created_at` timestamp NULL DEFAULT NULL,
  `updated_at` timestamp NULL DEFAULT NULL
) ENGINE=InnoDB DEFAULT CHARSET=utf8mb4 COLLATE=utf8mb4_unicode_ci;

--
-- Dumping data for table `users`
--

INSERT INTO `users` (`id`, `name`, `role`, `email`, `google_id`, `facebook_id`, `email_verified_at`, `password`, `remember_token`, `gambar`, `created_at`, `updated_at`) VALUES
(4, 'User2', '2', 'kevin@user.com', NULL, '', NULL, '$2y$10$ftJLA8JPeV2giYg1ahboUOWR9vTunRtyRClBfbykDPX.qD7.XeLIe', NULL, NULL, '2021-09-06 22:39:55', '2021-09-06 22:39:55'),
(8, 'Azifa', '2', 'hawwina@gmail.com', NULL, '', NULL, '123', NULL, NULL, NULL, NULL),
(11, 'Jalour Project', '1', 'jalour.project@gmail.com', '102480650120528315921', NULL, NULL, '$2y$10$q2FoKPR5utrDItQep45O5uql3/HoL.Umq4XteQFIloPZ7BQEvf1US', NULL, NULL, '2021-09-27 00:55:36', '2021-09-27 00:55:36'),
(18, 'Kevin Satria', '2', 'ksatria708@gmail.com', '102304622262300973304', NULL, NULL, '$2y$10$IVYzrIepZKSQx6NNYTQwXe2yQ.Ytn6rkU5JYN5NUqbxq4bMHBCQQS', NULL, NULL, '2021-10-04 00:04:49', '2021-10-04 00:04:49'),
(20, 'Kevin Satria Muhammad', '2', 'kevinsatriamuhammadiqbal@gmail.com', NULL, '185573753717986', NULL, '$2y$10$fSp18l39.dFZW5dDA9VVPeqWFPtHdmxZ6prCc77R9Z1mRoZuT41kK', NULL, NULL, '2021-10-04 00:11:54', '2021-10-04 00:11:54'),
(22, 'Ananda Mahdar', '2', 'kuhakuneiyoh@gmail.com', '110783008420473264003', NULL, NULL, '$2y$10$RYNsaCetxsQ/03WGXCz4SOu5n7vPabroN1raYm.1kCkixoxx7zGl.', NULL, NULL, '2021-10-06 00:16:18', '2021-10-06 00:16:18'),
(24, 'Yoga Priatama', '2', 'yogapriatama738@gmail.com', '107480558281499735688', NULL, NULL, '$2y$10$9IAgpd5nAw.pPcGbe7tKmeKIC5T.czFkiq9Tdf/Li1vC2ZXhxFFPW', NULL, NULL, '2021-10-06 04:20:40', '2021-10-06 04:20:40'),
(25, 'Dhimas Adi. Wibowo', '2', 'dhimasadiw00@gmail.com', '114033702779341312849', NULL, NULL, '$2y$10$JkR9MAfgveulC/dsOFSf.OM3KFbY3cdjwTM1DFqyQBRra5woudp5.', NULL, NULL, '2021-10-06 08:40:55', '2021-10-06 08:40:55'),
(27, 'Wedi Hartoyo', '2', 'wedhar84@gmail.com', NULL, NULL, NULL, '$2y$10$wTDMeLwwAliuPwyW./6PIuMWy2VaEoJvTwAIsVg/Qnea.eKNEE8fe', NULL, NULL, '2021-10-15 07:56:26', '2021-10-15 07:56:26');

--
-- Indexes for dumped tables
--

--
-- Indexes for table `admin`
--
ALTER TABLE `admin`
  ADD PRIMARY KEY (`id_admin`);

--
-- Indexes for table `cities`
--
ALTER TABLE `cities`
  ADD PRIMARY KEY (`id`);

--
-- Indexes for table `couriers`
--
ALTER TABLE `couriers`
  ADD PRIMARY KEY (`id`);

--
-- Indexes for table `destinasi`
--
ALTER TABLE `destinasi`
  ADD PRIMARY KEY (`id_destinasi`);

--
-- Indexes for table `failed_jobs`
--
ALTER TABLE `failed_jobs`
  ADD PRIMARY KEY (`id`),
  ADD UNIQUE KEY `failed_jobs_uuid_unique` (`uuid`);

--
-- Indexes for table `jenis_kelamin`
--
ALTER TABLE `jenis_kelamin`
  ADD PRIMARY KEY (`id_jenis_kelamin`);

--
-- Indexes for table `jenis_produk`
--
ALTER TABLE `jenis_produk`
  ADD PRIMARY KEY (`id_jenis`);

--
-- Indexes for table `jenis_sablon`
--
ALTER TABLE `jenis_sablon`
  ADD PRIMARY KEY (`id_jenis_sablon`);

--
-- Indexes for table `kategori_produk`
--
ALTER TABLE `kategori_produk`
  ADD PRIMARY KEY (`id_kategori`);

--
-- Indexes for table `keranjang`
--
ALTER TABLE `keranjang`
  ADD PRIMARY KEY (`id_keranjang`);

--
-- Indexes for table `migrations`
--
ALTER TABLE `migrations`
  ADD PRIMARY KEY (`id`);

--
-- Indexes for table `password_resets`
--
ALTER TABLE `password_resets`
  ADD KEY `password_resets_email_index` (`email`);

--
-- Indexes for table `personal_access_tokens`
--
ALTER TABLE `personal_access_tokens`
  ADD PRIMARY KEY (`id`),
  ADD UNIQUE KEY `personal_access_tokens_token_unique` (`token`),
  ADD KEY `personal_access_tokens_tokenable_type_tokenable_id_index` (`tokenable_type`,`tokenable_id`);

--
-- Indexes for table `produk`
--
ALTER TABLE `produk`
  ADD PRIMARY KEY (`id_produk`);

--
-- Indexes for table `produk2`
--
ALTER TABLE `produk2`
  ADD PRIMARY KEY (`id_produk`);

--
-- Indexes for table `produk_terlaris`
--
ALTER TABLE `produk_terlaris`
  ADD PRIMARY KEY (`id`);

--
-- Indexes for table `provinces`
--
ALTER TABLE `provinces`
  ADD PRIMARY KEY (`id`);

--
-- Indexes for table `stok_ukuran`
--
ALTER TABLE `stok_ukuran`
  ADD PRIMARY KEY (`id_stok`);

--
-- Indexes for table `testi`
--
ALTER TABLE `testi`
  ADD PRIMARY KEY (`id`);

--
-- Indexes for table `transaksi`
--
ALTER TABLE `transaksi`
  ADD PRIMARY KEY (`id`);

--
-- Indexes for table `ukuran`
--
ALTER TABLE `ukuran`
  ADD PRIMARY KEY (`id_ukuran`);

--
-- Indexes for table `users`
--
ALTER TABLE `users`
  ADD PRIMARY KEY (`id`),
  ADD UNIQUE KEY `users_email_unique` (`email`);

--
-- AUTO_INCREMENT for dumped tables
--

--
-- AUTO_INCREMENT for table `admin`
--
ALTER TABLE `admin`
  MODIFY `id_admin` int(255) NOT NULL AUTO_INCREMENT;

--
-- AUTO_INCREMENT for table `cities`
--
ALTER TABLE `cities`
  MODIFY `id` int(50) NOT NULL AUTO_INCREMENT, AUTO_INCREMENT=502;

--
-- AUTO_INCREMENT for table `couriers`
--
ALTER TABLE `couriers`
  MODIFY `id` int(50) NOT NULL AUTO_INCREMENT, AUTO_INCREMENT=2;

--
-- AUTO_INCREMENT for table `destinasi`
--
ALTER TABLE `destinasi`
  MODIFY `id_destinasi` int(50) NOT NULL AUTO_INCREMENT, AUTO_INCREMENT=67;

--
-- AUTO_INCREMENT for table `failed_jobs`
--
ALTER TABLE `failed_jobs`
  MODIFY `id` bigint(20) UNSIGNED NOT NULL AUTO_INCREMENT;

--
-- AUTO_INCREMENT for table `jenis_kelamin`
--
ALTER TABLE `jenis_kelamin`
  MODIFY `id_jenis_kelamin` int(255) NOT NULL AUTO_INCREMENT;

--
-- AUTO_INCREMENT for table `jenis_produk`
--
ALTER TABLE `jenis_produk`
  MODIFY `id_jenis` int(255) NOT NULL AUTO_INCREMENT, AUTO_INCREMENT=6;

--
-- AUTO_INCREMENT for table `jenis_sablon`
--
ALTER TABLE `jenis_sablon`
  MODIFY `id_jenis_sablon` int(255) NOT NULL AUTO_INCREMENT, AUTO_INCREMENT=4;

--
-- AUTO_INCREMENT for table `kategori_produk`
--
ALTER TABLE `kategori_produk`
  MODIFY `id_kategori` int(255) NOT NULL AUTO_INCREMENT, AUTO_INCREMENT=5;

--
-- AUTO_INCREMENT for table `keranjang`
--
ALTER TABLE `keranjang`
  MODIFY `id_keranjang` int(255) NOT NULL AUTO_INCREMENT, AUTO_INCREMENT=171;

--
-- AUTO_INCREMENT for table `migrations`
--
ALTER TABLE `migrations`
  MODIFY `id` int(10) UNSIGNED NOT NULL AUTO_INCREMENT, AUTO_INCREMENT=13;

--
-- AUTO_INCREMENT for table `personal_access_tokens`
--
ALTER TABLE `personal_access_tokens`
  MODIFY `id` bigint(20) UNSIGNED NOT NULL AUTO_INCREMENT;

--
-- AUTO_INCREMENT for table `produk2`
--
ALTER TABLE `produk2`
  MODIFY `id_produk` int(255) NOT NULL AUTO_INCREMENT, AUTO_INCREMENT=99;

--
-- AUTO_INCREMENT for table `produk_terlaris`
--
ALTER TABLE `produk_terlaris`
  MODIFY `id` int(50) NOT NULL AUTO_INCREMENT, AUTO_INCREMENT=8;

--
-- AUTO_INCREMENT for table `provinces`
--
ALTER TABLE `provinces`
  MODIFY `id` int(50) NOT NULL AUTO_INCREMENT, AUTO_INCREMENT=35;

--
-- AUTO_INCREMENT for table `stok_ukuran`
--
ALTER TABLE `stok_ukuran`
  MODIFY `id_stok` int(50) NOT NULL AUTO_INCREMENT, AUTO_INCREMENT=673;

--
-- AUTO_INCREMENT for table `testi`
--
ALTER TABLE `testi`
  MODIFY `id` int(50) NOT NULL AUTO_INCREMENT, AUTO_INCREMENT=41;

--
-- AUTO_INCREMENT for table `transaksi`
--
ALTER TABLE `transaksi`
  MODIFY `id` int(255) NOT NULL AUTO_INCREMENT, AUTO_INCREMENT=75;

--
-- AUTO_INCREMENT for table `ukuran`
--
ALTER TABLE `ukuran`
  MODIFY `id_ukuran` int(255) NOT NULL AUTO_INCREMENT, AUTO_INCREMENT=8;

--
-- AUTO_INCREMENT for table `users`
--
ALTER TABLE `users`
  MODIFY `id` bigint(20) UNSIGNED NOT NULL AUTO_INCREMENT, AUTO_INCREMENT=28;
COMMIT;

/*!40101 SET CHARACTER_SET_CLIENT=@OLD_CHARACTER_SET_CLIENT */;
/*!40101 SET CHARACTER_SET_RESULTS=@OLD_CHARACTER_SET_RESULTS */;
/*!40101 SET COLLATION_CONNECTION=@OLD_COLLATION_CONNECTION */;
